NetName,SatName,Frequency,Beam,SR,FEC,EIRP
ABC SA,Optus D2,12470 H,NB,47300,4/5,null
ABC SA,Optus D2,12658 H,NB,47300,4/5,null
Mediawan Thematics,Hotbird 13F,12692 H,Wide,27500,3/4,44-46
Indosat Ooredoo Hutchison,Telkom 4,4080 H,SE Asia,32677,7/8,null
Profen,Badr 8,12092 V,EMENA BSS,27500,5/6,null
BT Media Group,ABS 3A,11058 V,SAF,16667,3/5,0
Al Kass,Badr 8,12245 V,EMENA BSS,27500,3/4,null
Al Kass,Es'hail 2,10770 H,MENA,27500,3/4,50
Al Kass,Nilesat 201,11919 H,Middle East,27500,3/4,48
Record Litoral e Vale,Eutelsat 65 West A,4545 H,C,3730,3/4,0
Record Litoral e Vale,Eutelsat 65 West A,4750 H,C,3730,3/4,0
Arqiva,Al Yah 1,11996 V,East,27500,7/8,49-50
Arqiva,Hotbird 13G,11137 H,Wide,27500,3/4,44-46
Arqiva,Eutelsat 9B,12092 H,Wide,27500,3/4,44-45
MASN,Galaxy 32,4010 H,North America,14400,8/9,null
RTRS Makhachkala,Express AM7,3715 L,C Fixed,5130,3/4,0
Band Amazonas,Star One C3,3984 V,South America,3750,3/4,0
RTRS Smolensk,Express AM6,10853 V,Ku Fixed 1,5130,3/4,45-47
Rede Bahia,Star One C3,3747 H,South America,7726,8/9,0
Rede Bahia,Star One C3,3758 H,South America,11275,8/9,0
Rai Way Sicilia 1,Eutelsat 5 West B,11016 H,Transalpine,35300,2/3,0
CAT Telecom,Thaicom 6,3880 H,SE Asia C,30000,3/4,null
TV Barriga Verde,Intelsat 37e,3778 L,Latin America,3993,5/6,null
PBS,Galaxy 16,12140 V,Ku,30000,3/4,0
NASA TV,Galaxy 37/Horizons 4,4009 V,North America C,15000,5/6,0
ABC Melbourne,Optus D2,12445 V,NANZ,835,3/4,null
RTRS Perm,Yamal 601,3881 R,C,5130,3/4,44-45
On TV,Nilesat 201,11862 V,Middle East,27500,5/6,48
TV Canção Nova,Star One C3,4062 V,South America,17000,5/6,0
SBS Queensland,Eutelsat 172B,11044 V,South Pacific,45000,4/5,null
SBS Queensland,Optus D2,12532 H,NB,47300,5/6,null
DD Assamese,G-Sat 17,3848 H,C,4250,3/4,null
GeoTelecommunications,ABS 2A,11490 V,Russia,7500,5/6,0
GeoTelecommunications,ABS 2A,11531 V,Russia,22000,3/4,0
GeoTelecommunications,ABS 2A,11559 V,Russia,22000,3/4,0
GeoTelecommunications,ABS 2A,11605 V,Russia,43200,7/8,0
GeoTelecommunications,ABS 2A,12533 V,Russia,44950,4/5,0
TV Méxiquense,QuetzSat 1,12276 R,Conus,10500,3/4,null
Cable Color,Eutelsat 117 West A,3947 V,Hemi C,8333,5/6,null
KBS,Koreasat 6,12523 V,Ku,7900,5/6,0
Family Radio,Galaxy 16,11993 V,Ku,1075,2/3,0
MBC,Badr 7,11270 V,East MENA,27500,5/6,50
MBC,Badr 8,12284 V,NW Africa,27500,5/6,0
MBC,Eutelsat 7 West A,11559 V,NW Africa,27500,5/6,0
MBC,Eutelsat 8 West B,11471 V,East,27500,5/6,52
Freesat,SES 12,12224 H,South Asia,40000,2/3,0
BFBS,ABS 2,12730 H,Southern,23330,1/2,43-45
BFBS,NSS 12,3775 L,East hemi,9583,2/3,null
BFBS,NSS 12,3798 R,West hemi,19167,3/5,39-40
BFBS,Eutelsat 10B,11221 V,Wide Ku,30000,5/6,null
BFBS,SES 6,4133 R,Hemi,22500,3/5,0
Rede Amazônica,Intelsat 14,3804 H,Americas C,10832,5/6,0
Rede Amazônica,Intelsat 14,3806 V,Americas C,15000,3/4,0
Rede Amazônica,Intelsat 14,3815 H,Americas C,11000,3/4,0
Rede Amazônica,Intelsat 14,3825 V,Americas C,15000,5/6,0
DD Assam,G-Sat 17,3840 H,C,6250,3/4,null
BHS Telecom,Eutelsat 7 West A,11641 H,MENA,27500,3/4,49
Rede Minas,Star One D2,4094 V,Brazil & South America,11429,3/4,null
SBS WA,Eutelsat 172B,11044 V,South Pacific,45000,4/5,null
SBS WA,Optus D2,12532 H,NB,47300,5/6,null
RTM,Measat 3d,3880 V,Global,12400,2/3,null
TV Continental,SES 5,3934 L,Hemi,6270,3/5,39
PSM,Apstar 7,4006 V,C,8800,3/5,38.5
AVT Channels,Paksat 1R,4125 V,C,6400,2/3,37-39
RTRS Naryan-Mar,Express AM7,3922 L,C Fixed,5120,3/4,0
Club TV,SES 9,11110 H,NE Asia,30000,2/3,0
RTRS Hakasiya,Yamal 401,3826 R,Russia C,5130,3/4,0
Rede Vida,Star One D2,4115 V,Brazil & South America,5000,2/3,null
Connecto TV,Intelsat 17,12537 H,Russia,2000,5/6,0
Pro TV,Eutelsat 16A,12517 V,Europe B,19368,2/3,44-46
AMC Networks,Galaxy 30,4060 V,North America,32700,5/6,0
SBT Rio,Star One C3,3894 H,South America,5000,3/4,0
NBC,Galaxy 16,11760 H,Ku,30000,5/6,0
NBC,SES 3,12120 H,North America Ku,30000,5/6,0
NBC,EchoStar 105/SES 11,4140 H,North America C,30000,5/6,null
TV 5 Network,Telstar 18 Vantage,4081 H,Asia & Australia & Pacific,10000,3/5,0
TV Cultura do Pará,Star One D1,3984 H,Brazil C,5000,3/4,0
Bricast,BRIsat,3532 H,null,13330,3/5,null
Bricast,BRIsat,3855 V,null,13330,3/5,null
Taban TV,Intelsat 39,10989 V,Middle East,1600,3/5,46.3-48.3
Paramount Networks Americas,SES 14,4055 R,Europe & America,30000,5/6,36-38
Paramount Networks Americas,Intelsat 21,4120 V,West hemi,30000,5/6,0
RTRS Maykop,Express AM7,3835 L,C Fixed,5130,3/4,0
SES,Apstar 7,3788 H,C,10700,1/2,38.5
SES,Astra 2G,11095 V,West Africa,30000,5/6,0
SES,Astra 2F,11635 V,West Africa,30000,5/6,0
SES,Astra 2F,11675 H,West Africa,30000,5/6,0
SES,Astra 2F,12605 V,West Africa,30000,5/6,0
SES,Astra 3C,12032 H,West,27500,9/10,null
SES,Astra 3C,12168 V,West,27500,3/4,null
SES,Astra 1KR,10773 H,Europe,22000,3/4,0
SES,Astra 1KR,10803 H,Europe,22000,3/4,0
SES,Astra 1KR,10921 H,Europe,22000,7/8,0
SES,Astra 1L,10994 H,Europe Ku,22000,5/6,0
SES,Astra 1L,11112 H,Europe Ku,22000,2/3,0
SES,Astra 1KR,11229 V,Europe,22000,2/3,0
SES,Astra 1L,11288 V,Europe Ku,22000,2/3,0
SES,Astra 1KR,11421 H,Europe,22000,5/6,0
SES,Astra 1L,11553 H,Europe Ku,22000,2/3,0
SES,Astra 1M,11739 V,Europe Wide,27500,3/4,47-49
SES,Astra 1M,11778 V,Europe Wide,29500,9/10,47-49
SES,Astra 1N,12148 H,Pan Europe,27500,3/4,0
SES,Astra 1L,12226 H,Europe Ku,27500,3/4,0
SES,Astra 1M,12344 H,Europe,30000,2/3,0
SES,Astra 1M,12460 H,Europe,27500,3/4,0
SES,Astra 1M,12480 V,Europe,27500,3/4,0
SES,Astra 1N,12552 V,Pan Europe,22000,5/6,0
SES,Astra 1L,12574 H,Europe Ku,22000,2/3,0
SES,Astra 1N,12604 H,Pan Europe,22000,5/6,0
SES,SES 5,11919 H,Sub Saharan Africa,27500,3/4,0
SES,SES 5,12034 H,Sub Saharan Africa,27500,3/4,0
SES,SES 5,12054 V,Sub Saharan Africa,30000,3/4,0
SES,Astra 4A,12380 H,Europe BSS,27500,3/4,0-47
SES,Thor 6,12092 H,K2,28000,7/8,0
SES,Hispasat 30W-5,12052 H,America,27500,2/3,0
SES,Telstar 11N,11482 H,Sub-Saharan Africa,11970,5/6,0
SES,SES 14,4095 L,Europe & America,30000,2/3,36-38
SES,Galaxy 19,11842 H,Ku,22000,3/4,0
SES,SES 21,4180 H,North America,30000,5/6,0
Signet,Amos 17,3846 R,null,6730,2/3,null
CGN TV,Koreasat 5,12347 V,South Korea,10740,2/3,null
Lamhas,G-Sat 30,4054 H,C,17000,5/6,null
Lamhas,Intelsat 20,4003 V,Landmass,7200,3/4,37.1-39.1
CCTV,Apstar 6C,3940 V,C,28800,3/4,0
CCTV,Apstar 6C,4020 V,C,28800,3/4,0
CCTV,Apstar 6C,4060 V,C,28800,3/4,0
CCTV,ChinaSat 6D,3720 H,C,27500,3/4,0
CCTV,ChinaSat 6D,3780 V,C,27500,3/4,0
CCTV,ChinaSat 6D,3820 V,C,27500,null,0
CCTV,ChinaSat 6D,4060 V,C,27500,3/4,0
CCTV,ChinaSat 6D,4100 V,C,27500,3/4,0
CCTV,ChinaSat 6D,4130 V,C,14800,3/4,0
CCTV,ChinaSat 6D,4145 V,C,8330,3/4,0
CCTV,ChinaSat 6E,3840 H,null,27500,3/4,null
CCTV,ChinaSat 6E,3880 H,null,27500,3/4,null
CCTV,ChinaSat 6E,3920 H,null,27500,3/4,null
CCTV,ChinaSat 6E,4116 H,null,21374,3/4,null
CCTV,ChinaSat 9,11750 R,Ku,30000,4/5,0
CCTV,ChinaSat 9,11810 R,Ku,30000,4/5,0
CCTV,ChinaSat 9,11860 R,Ku,30000,4/5,0
CCTV,ChinaSat 9,12040 L,Ku,30000,4/5,0
CCTV,ChinaSat 9,12100 R,Ku,28800,3/4,0
CCTV,ChinaSat 9,12120 L,Ku,30000,4/5,0
CCTV,Hotbird 13G,11585 V,Wide,27500,5/6,44-46
CCTV,Intelsat 34,4175 H,Americas & Europe,30000,3/4,0
CCTV,Galaxy 19,12084 V,Ku,20760,3/4,0
Big Ten Network,Galaxy 33,4180 V,North America C,31245,5/6,0
Kasthuri TV,G-Sat 30,3863 H,C,3781,3/4,null
Tata Communications,Intelsat 17,3845 V,Landmass,28800,5/6,38.2
Tata Communications,Intelsat 17,3966 H,Landmass,14400,2/3,38.2
Tata Communications,Intelsat 17,4015 V,Landmass,30000,3/4,38.2
Telkomsat,Telkom 4,3720 H,SE Asia,32727,2/3,null
Telkomsat,Telkom 4,3791 H,SE Asia,16360,5/6,null
Telkomsat,Telkom 4,4020 V,SE Asia,32727,2/3,null
Telkomsat,Telkom 4,4131 H,SE Asia,6350,2/3,null
MRTV,Thaicom 6,3735 H,SE Asia C,3333,3/4,null
Unisa,Telstar 14R,11875 H,Brazil,5832,3/4,null
BBC World Service,Intelsat 19,4161 V,West hemi,3448,3/5,0
BBC World Service,AsiaSat 5,4132 H,C,10587,2/3,38-40
BBC World Service,SES 5,4000 R,Hemi,18200,1/2,39
BBC World Service,SES 5,4087 L,Global,1000,5/6,null
BBC World Service,Intelsat 34,4131 H,Americas & Europe,5422,2/3,0
SportsMax,Intelsat 34,4139 V,Americas & Europe,10000,3/4,0
ProSiebenSat. 1 Media,Astra 1N,12051 V,Pan Europe,27500,3/4,0
ProSiebenSat. 1 Media,Astra 1L,12545 H,Europe Ku,22000,5/6,0
Turner,Intelsat 34,3966 V,Americas & Europe,15000,3/4,0
Turner,Intelsat 34,4015 V,Americas & Europe,30000,5/6,0
Turner,Intelsat 21,3760 V,West hemi,27690,7/8,0
Turner,Intelsat 21,3920 H,West hemi,30000,9/10,0
Turner,Galaxy 30,4100 V,North America,34284,2/3,0
Turner,Galaxy 30,4120 H,North America,34284,2/3,0
Walesi,Eutelsat 172B,3947 H,C,15000,3/5,0
RTRS Khabarovsk,Express AMU3,3712 R,Fixed C,5120,3/4,null
TV Sucesso,Star One C2,4116 H,South America,3450,5/6,null
Red Media,Eutelsat 16A,12604 H,Sub-Sahara Africa,30000,3/4,0
Chunghwa Telecom,AsiaSat 9,3971 V,Global,15650,3/4,null
Chunghwa Telecom,ST 2,3629 H,Regional,24700,3/4,40-42
Chunghwa Telecom,ST 2,3632 V,Regional,36000,5/6,40-42
Chunghwa Telecom,ST 2,11633 H,Asia,30000,3/5,0
Chunghwa Telecom,ST 2,11669 H,Asia,30000,3/5,0
Chunghwa Telecom,ST 2,12702 H,Asia,20000,3/4,0
Radio Thailand,Thaicom 6,4176 H,SE Asia C,2592,1/2,null
Al-Majd Network,Badr 8,12476 V,MENA BSS,27500,3/4,48
RTRS Tatarstan,Express AM7,3928 L,C Fixed,5120,3/4,0
Telepacífico,SES 6,4110 L,Hemi,5453,3/4,0
DD Tamil,G-Sat 17,4051 H,C,8600,3/4,null
American Family Radio,SES 1,11710 V,North America Ku,1107,2/3,0
MWD Digital TV,LaoSat 1,3576 V,C,21600,2/3,0
Intact Media Group,Hellas Sat 3,12656 H,Europe,15155,3/4,46-48
Ecuavisa,Eutelsat 117 West A,3968 V,Hemi C,7500,3/4,null
Zanjan TV,Intelsat 39,10993 V,Middle East,1560,3/5,46.3-48.3
TürkMedya,Türksat 4A,12298 V,West,4800,5/6,46-50
TürkMedya,Türksat 4A,12310 V,West,15000,3/4,46-50
Univisión,SES 18,4100 V,null,30000,3/4,null
Univisión,Galaxy 18,4100 H,C,30000,3/4,0
PCTV,Eutelsat 117 West A,3820 H,Hemi C,30000,3/4,null
IVG,Eutelsat 7B,10721 H,Europe B,22000,3/4,52
TransMedia,Telkom 4,3888 H,SE Asia,9600,3/5,null
RuSat,Yamal 401,10972 H,Northern,11200,3/4,46-47
Telecom CLM,Hispasat 30W-6,11491 V,Europe & North Africa,7522,8/9,null
KC Global Media Entertainment,Measat 3d,4160 V,Global,29700,5/6,null
Jaya Network,Intelsat 20,4130 V,Landmass,12800,3/4,37.1-39.1
Abu Dhabi Media Network,Eutelsat 7 West A,11411 H,MENA,30000,3/4,49
Gyandarshan 1,G-Sat 10,3832 V,C,3000,3/4,null
ABC NT,Eutelsat 172B,11044 V,South Pacific,45000,4/5,null
ABC NT,Optus D2,12470 H,NB,47300,4/5,null
ABC NT,Optus D2,12658 H,NB,47300,4/5,null
TV Jangadeiro,Star One C3,3764 V,South America,4165,5/6,0
Media Group,Telkom 4,4158 H,SE Asia,5700,5/6,null
InTech,SES 9,11861 H,SE Asia,45000,3/5,0
InTech,Telkom 4,3773 H,SE Asia,10280,3/4,null
Viacom 18,Intelsat 20,3850 V,Landmass,14400,5/6,37.1-39.1
Viacom 18,Intelsat 20,3993 H,Landmass,4000,2/3,37.1-39.1
Hit Radio,Arabsat 5C,3866 L,EMEA,1150,3/4,null
NBC,Intelsat 10-02,3977 L,SE zone,17777,3/4,0
Utkarsh Channel,G-Sat 18,11578 H,null,5000,null,null
RTRS Yugoria,Yamal 601,3621 R,C,5130,3/4,44-45
RTRS Yugoria,Yamal 601,3921 R,C,5130,3/4,44-45
TV Tarobá Cascavel,Intelsat 14,3733 V,Americas C,4812,5/6,0
GeoSat,Eutelsat 36B,11212 H,Eurasia,14400,3/5,46-47
RTRS Krasnodar,Express AM6,10909 V,Ku Fixed 1,28724,3/4,45-47
AsiaSat,AsiaSat 9,4140 V,Global,29720,5/6,null
AsiaSat,AsiaSat 9,4180 V,Global,30830,5/6,null
AsiaSat,AsiaSat 7,4080 H,C,29720,5/6,36-40
AsiaSat,AsiaSat 7,4100 V,C,29720,5/6,36-40
AsiaSat,AsiaSat 5,3960 H,C,30000,5/6,38-40
AsiaSat,AsiaSat 5,4040 H,C,29720,5/6,38-40
Platforma Canal +,Hotbird 13G,10719 V,Wide,27500,3/4,44-46
Platforma Canal +,Hotbird 13G,10796 V,Wide,27500,3/4,44-46
Platforma Canal +,Hotbird 13G,11411 H,Wide,27500,3/4,44-46
Platforma Canal +,Hotbird 13G,11449 H,Wide,27500,3/4,44-46
Platforma Canal +,Hotbird 13G,11488 H,Wide,27500,3/4,44-46
RTRS Orel,Express AM7,3858 L,C Fixed,5120,3/4,0
Ecuador TV,Eutelsat 117 West A,3925 H,Hemi C,4400,3/4,null
TV Pajuçara,Amazonas 3,4022 V,America,5000,3/4,0
A Más +,EchoStar 105/SES 11,4025 V,North America C,5000,5/6,null
TSTV Africa,NigComSat 1R,12589 H,Ecowas 2,30000,3/4,null
UAU!TV,Intelsat 28,10975 H,Africa Ku,30000,9/10,null
In Demand,SES 22,4030 V,North America,15000,3/4,0
RTRS Tula,Express AM7,3615 L,C Fixed,5120,3/4,0
Panamericana TV,Eutelsat 117 West A,3963 H,Hemi C,2400,3/4,null
Panamericana TV,Eutelsat 117 West A,4164 H,Hemi C,2400,3/4,null
Viva Entertainment,Telstar 18 Vantage,3876 H,Asia & Australia & Pacific,3750,3/4,0
My TV,Eutelsat 8 West B,10971 H,MENA,27500,7/8,51-52
CETV,ChinaSat 6E,4000 H,null,27500,3/4,null
Emtek,Telkom 4,4005 H,SE Asia,9100,3/4,null
Emtek,Telkom 4,4164 H,SE Asia,3500,5/6,null
Jahanbin TV,Intelsat 39,10995 V,Middle East,1540,3/5,46.3-48.3
Grupa Radiowa Agory,Astra 3B,11648 H,Europe Ku,1000,3/4,0
Box Brazil,Intelsat 14,3782 H,Americas C,20084,3/4,0
TGRT,Türksat 4A,12228 V,West,8400,5/6,46-50
Record RS,Eutelsat 65 West A,4595 H,C,4780,3/4,0
Manorama News,G-Sat 30,4114 H,C,8000,3/4,null
MBC America,Galaxy 37/Horizons 4,4070 H,North America C,3257,3/4,0
Güç Telekom Medya ve Iletisim Ticaret,Türksat 4A,12265 V,West,27500,5/6,46-50
TV Centro América Cuiabá,Star One D2,3825 V,Brazil & South America,7500,2/3,null
Anuvu,Intelsat 18,4095 R,Global,30000,3/4,null
Anuvu,NSS 12,4095 R,Global,30000,3/4,34-36
Anuvu,Astra 4A,12226 H,Europe BSS,31420,4/5,0-47
Anuvu,Intelsat 35e,4132 R,Global,30000,3/4,null
Anuvu,Telstar 14R,11564 H,North Atlantic Ocean Region,3320,1/2,null
The Walt Disney Company Turkey,Türksat 4A,12196 H,East,10400,3/4,50-53
Moreplex TV,Eutelsat 7C,11481 V,Africa,30000,2/3,0
Gazprom Space Systems,Yamal 401,3645 L,Russia C,28000,3/4,0
Gazprom Space Systems,Yamal 401,3675 L,Russia C,17500,3/4,0
Gazprom Space Systems,Yamal 401,11265 H,Russia Ku,30000,3/4,0
Gazprom Space Systems,Yamal 401,11385 V,Russia Ku,30000,3/4,0
Gazprom Space Systems,Yamal 401,11385 H,Russia Ku,30000,3/4,0
Gazprom Space Systems,Yamal 401,12566 V,Northern,10547,3/4,46-47
Gazprom Space Systems,Yamal 402,11056 H,Europe,10000,3/4,null
Gazprom Space Systems,Yamal 402,11265 V,Russia,30000,3/4,0
Gazprom Space Systems,Yamal 402,11345 V,Russia,30000,3/4,0
Gazprom Space Systems,Yamal 402,11385 H,Russia,30000,3/4,0
Gazprom Space Systems,Yamal 601,4037 L,C,16000,3/4,44-45
IRIB,Intelsat 20,12639 H,Europe & Africa,7794,1/2,44.8-45.8
IRIB,Intelsat 39,11002 V,Middle East,3500,3/4,46.3-48.3
IRIB,Intelsat 39,11006 V,Middle East,2300,3/4,46.3-48.3
IRIB,Intelsat 39,11009 V,Middle East,3500,3/4,46.3-48.3
IRIB,Intelsat 39,11012 V,Middle East,2300,3/4,46.3-48.3
IRIB,Intelsat 39,11016 V,Middle East,3500,3/4,46.3-48.3
IRIB,Intelsat 39,11020 V,Middle East,2300,3/4,46.3-48.3
IRIB,Intelsat 39,11023 V,Middle East,3500,3/4,46.3-48.3
IRIB,Intelsat 39,11026 V,Middle East,2300,3/4,46.3-48.3
IRIB,Intelsat 39,11030 V,Middle East,3500,3/4,46.3-48.3
IRIB,Intelsat 39,11555 V,Middle East,30000,3/4,46.3-48.3
IRIB,Badr 5,11881 H,Central Asia,27500,5/6,0
IRIB,Badr 5,11900 V,Central Asia,27500,3/4,0
IRIB,Badr 5,12265 H,Central Asia,30000,3/4,0
IRIB,Badr 5,12284 V,Central Asia,30000,2/3,0
IRIB,Badr 5,12303 H,Central Asia,32000,3/4,0
IRIB,Badr 5,12322 V,Central Asia,30000,3/4,0
IRIB,Express AM8,11671 H,Ku Fixed 1,16600,3/4,47-49.5
RTRS Tver,Express AM7,3992 L,C Fixed,5120,3/4,0
Digea,Hellas Sat 3,12338 H,Europe,11568,2/3,46-48
Digea,Hellas Sat 3,12352 H,Europe,11568,2/3,46-48
Digea,Hellas Sat 3,12414 H,Europe,11568,2/3,46-48
TPA,Yamal 402,10962 V,Southern,5926,5/6,null
TPA,Intelsat 37e,4008 R,Africa & Europe,6730,3/4,38.1
MBC Maser,Eutelsat 21B,11559 V,Wide,5000,5/6,47
TVBS News,AsiaSat 5,12656 V,East Asia,4000,5/6,0
Freeview,Telstar 12 Vantage,11043 V,North Sea,44100,9/10,null
Freeview,Intelsat 901,11495 V,Spot 2,44100,9/10,null
Media-Comm,Galaxy 33,4014 H,North America C,7500,3/4,0
RTM Sabah,Measat 3d,3864 V,Global,4444,2/3,null
RTL Group,Astra 1L,12188 H,Europe Ku,27500,3/4,0
CNN,Intelsat 34,4055 H,Americas & Europe,32700,3/4,0
EthioSat,NSS 12,11105 H,East Africa,45000,5/6,0-50
EthioSat,NSS 12,11165 H,East Africa,45000,3/4,0-50
EthioSat,NSS 12,11545 H,East Africa,45000,5/6,0-50
TV Goiânia,Express AM8,4076 L,C Fixed 2,3333,3/4,null
SES Ukraine,Astra 3C,12285 V,East,30000,2/3,null
SES Ukraine,Astra 4A,11747 V,Europe BSS,30000,3/4,0-47
SES Ukraine,Astra 4A,12073 H,Europe BSS,30000,2/3,0-47
SES Ukraine,Astra 4A,12130 V,Europe BSS,27500,3/4,0-47
SES Ukraine,Astra 4A,12284 V,Europe BSS,27500,3/4,0-47
Grupa ZPR Media,Astra 3B,11643 H,Europe Ku,7583,3/4,0
DD Girnar,G-Sat 17,3970 H,C,6250,3/4,null
RTRS Ulyanovsk,Yamal 601,4018 L,C,5120,3/4,44-45
RTRS Rostov,Express AM6,10909 V,Ku Fixed 1,28724,3/4,45-47
RTRS Rostov,Express AM7,3978 L,C Fixed,5120,3/4,0
Türksat,Türksat 3A,11012 H,East,30000,2/3,50
Türksat,Türksat 3A,11558 V,West,30000,2/3,46-50
Türksat,Türksat 3A,12610 H,West,20830,3/4,46-50
Türksat,Türksat 3A,12685 V,West,30000,2/3,46-50
Türksat,Türksat 3A,12685 H,West,27500,2/3,46-50
Türksat,Türksat 3A,12729 V,West,30000,2/3,46-50
Türksat,Türksat 4A,11837 V,West,30000,2/3,46-50
Türksat,Türksat 4A,11916 V,West,30000,3/4,46-50
Türksat,Türksat 4A,12344 V,West,30000,3/4,46-50
Türksat,Türksat 4A,12380 V,West,27500,3/4,46-50
Türksat,Türksat 4A,12422 V,West,27500,3/4,46-50
Türksat,Türksat 4A,12422 H,East,30000,3/4,50-53
Türksat,Türksat 4A,12458 V,West,30000,3/4,46-50
Türksat,Türksat 4A,12630 V,Africa,12500,2/3,null
Türksat,Türksat 4A,18710 L,Europe,12500,2/3,null
Türksat,Türksat 5A,11515 H,MENA,30000,2/3,51
Grupo ACIR,Eutelsat 117 West A,3938 V,Hemi C,674,null,null
ViewMedia,Intelsat 20,12562 H,Europe & Africa,30000,5/6,44.8-45.8
ViewMedia,Amos 17,11717 V,West & Central Africa,30000,3/4,0
ViewMedia,Amos 17,11881 V,West & Central Africa,30000,2/3,0
ViewMedia,Amos 17,11918 V,West & Central Africa,30000,null,0
ViewMedia,Eutelsat 8 West B,11096 H,MENA,27500,7/8,51-52
Rede Centro Oeste,Intelsat 37e,3778 R,Latin America,6333,5/6,null
EBC,Belintersat 1,3718 R,Africa C,17950,3/4,null
Surau TV,Telkom 4,3872 H,SE Asia,2727,7/8,null
Daystar TV,Galaxy 18,12008 H,Ku,12660,3/4,0
Canal 28 Nuevo León,Eutelsat 117 West A,3865 V,Hemi C,6165,5/6,null
Intelsat,Intelsat 19,4060 H,West hemi,30000,3/4,0
Intelsat,Intelsat 20,4064 H,Landmass,19850,7/8,37.1-39.1
Intelsat,Intelsat 20,12522 H,Europe & Africa,30000,3/4,44.8-45.8
Intelsat,Intelsat 21,3840 H,West hemi,27690,7/8,0
Intelsat,Galaxy 19,12184 H,Ku,22500,2/3,0
Nei Monggol TV,ChinaSat 6E,4171 H,null,9200,3/4,null
Turkuvaz,Türksat 4A,11883 V,West,4800,5/6,46-50
Turkuvaz,Türksat 4A,11999 V,West,11666,3/4,46-50
Turkuvaz,Türksat 4A,12054 H,East,27500,5/6,50-53
RTRS Chechnya,Express AM7,3965 L,C Fixed,5120,3/4,0
Trece,SES 6,4000 L,Hemi,5453,3/4,0
TV Thathi Vale,Star One C3,3858 V,South America,3750,null,0
TV Gazeta São Paulo,Star One C3,3883 H,South America,5833,3/4,0
RAI,Hotbird 13G,10992 V,Wide,27500,2/3,44-46
RAI,Hotbird 13G,11013 H,Wide,29900,3/4,44-46
RAI,Hotbird 13F,11766 V,Wide,29900,3/4,44-46
RAI,Eutelsat 5 West B,11637 V,Transalpine,35296,2/3,0
RAI,Eutelsat 5 West B,12627 H,Transalpine,35295,2/3,0
Bally Sports,Galaxy 33,4120 H,North America C,34286,3/4,0
Bally Sports,Galaxy 33,4140 V,North America C,34286,3/4,0
IMPD TV,ABS 3A,3962 H,West hemi,7200,3/4,null
TV 2,Intelsat 10-02,12723 V,Spot 3,26667,2/3,0
RTRS Kaluga,Express AM7,3622 L,C Fixed,5130,3/4,0
Band SP Interior,Star One C3,4065 H,South America,3750,3/4,0
Tippmix,Amos 3,11350 H,Ukraine,17333,2/3,0
Cellnex,Hispasat 30W-6,11644 V,Europe & North Africa,4000,2/3,null
Asharq,Badr 8,11919 H,EMENA BSS,27500,3/4,null
Asharq,Eutelsat 7 West A,12360 V,MENA,27500,3/4,49
2M,Eutelsat 3B,11655 H,Europe,4444,3/4,47-48
RTSH,Eutelsat 16A,12639 H,Europe B,10833,3/5,44-46
STV,ABS 2A,11665 V,Russia,44922,5/6,0
STV,Express AT1,12207 R,Wide,27500,3/4,0
Sydney Teleport Services,AsiaSat 9,12336 V,Australasia,13000,3/5,0
Kanal 7,Türksat 4A,12095 H,East,4800,5/6,50-53
Kanal 7,Türksat 4A,12103 H,East,8333,2/3,50-53
TV Mais Família,Star One C3,3775 H,South America,4686,3/4,0
Zoe Broadcasting Network,Telstar 18 Vantage,3872 H,Asia & Australia & Pacific,3750,5/6,0
SkyVision,ABS 3A,11168 H,SAF,30000,2/3,0
Centrul National Media,Eutelsat 16A,12718 H,Europe B,6250,3/4,44-46
Ippica,Eutelsat 16A,12724 H,Europe B,4100,3/4,44-46
Fox Corporation,Galaxy 32,4020 V,North America,31250,3/4,null
RTRS Irkutsk,Yamal 401,4038 R,Russia C,5130,3/4,0
NBT TV,Thaicom 6,4163 H,SE Asia C,9600,3/4,null
TowerCast,Eutelsat 5 West B,11453.9 H,Transalpine,543,1/2,0
TowerCast,Eutelsat 5 West B,11456 H,Transalpine,2548,3/4,0
TowerCast,Eutelsat 5 West B,11461 H,Transalpine,5780,3/4,0
India Today Group,Intelsat 20,4182 H,Landmass,16296,3/4,37.1-39.1
TNT Niger,Badr 8,4099 L,Global,20000,2/3,null
Emisoras Unidas,Eutelsat 117 West A,3930 V,Hemi C,667,null,null
Cairo Communication,Eutelsat 9B,12111 V,Italy,31400,2/3,0
Cairo Communication,Eutelsat 5 West B,12585 H,Transalpine,35500,2/3,0
RCN,SES 6,4019 R,Hemi,6700,5/6,0
RCN,SES 6,4028 R,Hemi,8000,3/4,0
RCN,SES 1,4011 V,North America C,3333,5/6,0
A+E Networks,Galaxy 30,4160 H,North America,30000,5/6,0
RTRS Lipetsk,Express AM7,3758 L,C Fixed,5120,3/4,0
Indiasign,G-Sat 30,3756 H,C,15000,5/6,null
Indiasign,G-Sat 30,3776 H,C,11250,5/6,null
Indiasign,G-Sat 30,3838 H,C,3750,5/6,null
Indiasign,G-Sat 30,4133 H,C,11888,3/4,null
Indiasign,Intelsat 20,3893 V,Landmass,2500,5/6,37.1-39.1
Indiasign,Intelsat 20,4013 H,Landmass,7200,3/4,37.1-39.1
Indiasign,Intelsat 20,4116 V,Landmass,8800,5/6,37.1-39.1
Indiasign,Intelsat 17,3876 H,Landmass,14300,3/4,38.2
Indiasign,Intelsat 17,3894 H,Landmass,13840,5/6,38.2
Dash Media,Rascom QAF 1R,4016 R,Standard,2500,3/4,40.5-42
Cosmonova Broadcast,Azerspace 2/Intelsat 38,11666 H,Eurasia,15000,5/6,0
Roberts Communications Network,Galaxy 32,4142 V,North America,18333,5/6,null
ZNBC,Intelsat 33e,3771 R,Sub-Sahara,5000,3/4,0
RTRS Astrakhan,Yamal 601,3964 L,C,5120,3/4,44-45
TV Mirante São Luís,Star One D2,3965 H,Brazil & South America,7500,2/3,null
Indo Teleports,Intelsat 20,3828 V,Landmass,7200,3/4,37.1-39.1
Indo Teleports,Intelsat 20,4090 H,Landmass,14368,3/4,37.1-39.1
Indo Teleports,Intelsat 17,3932 H,Landmass,18330,2/3,38.2
RTRS,Express AMU7,3662 R,Fixed C,15285,3/4,null
RTRS,Express AMU7,3714 R,Fixed C,15285,3/4,null
RTRS,Express AMU3,3688 R,Fixed C,15284,3/4,null
RTRS,Express AMU3,3785 R,Fixed C,15284,3/4,null
RTRS,Yamal 401,3640 R,Russia C,15285,3/4,0
RTRS,Yamal 401,3705 L,Russia C,15285,3/4,0
RTRS,Yamal 401,3786 R,Russia C,15284,3/4,0
RTRS,Yamal 401,4064 R,Russia C,15282,3/4,0
RTRS,Express AM6,10718 H,Ku Fixed 1,22900,3/4,45-47
RTRS,Express AM6,10840 V,Ku Fixed 1,15284,3/4,45-47
RTRS,Express AM6,10937 V,Ku Fixed 1,15284,3/4,45-47
RTRS,Yamal 601,3627 L,C,20580,5/6,44-45
RTRS,Yamal 601,3643 R,C,15284,3/4,44-45
RTRS,Yamal 601,3977 L,C,15284,3/4,44-45
RTRS,Cosmos 2520,3720 L,null,25760,2/3,null
RTRS,Express AM7,3665 L,C Fixed,15284,3/4,0
RTRS,Express AM7,4085 L,C Fixed,15284,3/4,0
WAP,Astra 2F,11595 V,West Africa,30000,5/6,0
DD Odia,G-Sat 17,3992 H,C,6250,3/4,null
TV Serra Dourada,Star One C3,3815 H,South America,3600,3/4,0
TV Mirante,Star One D1,3908 H,Brazil C,8333,3/4,0
RTRS Yakutia,Express AMU3,3675 R,Fixed C,5120,3/4,null
TDA,Arsat 1,11670 V,Argentina,30000,5/6,0
APT,Telstar 18 Vantage,12739 H,China,9600,2/3,0
APT,Apstar 7,3780 V,C,30000,3/4,38.5
CTN,Intelsat 21,4159 V,West hemi,3750,3/4,0
CRTV,Eutelsat 8 West B,3832 L,C,7585,2/3,40
DD Madhya Pradesh,G-Sat 17,4090 H,C,6250,3/4,null
TVT,Eutelsat 10B,4039 R,Wide C,3333,3/4,42-43
TBC,Intelsat 22,4120 L,West hemi,9583,3/4,null
Teleradio,Azerspace 1,11175 H,Central Asia,30000,5/6,null
Persiana Media Group,TurkmenÄlem/MonacoSat,10804 H,East,27500,2/3,0
KTN,Intelsat 22,3703 L,West hemi,4000,3/4,null
RTRS Ufa,Yamal 601,3704 R,C,5130,3/4,44-45
Bahrain TV,Badr 8,12226 H,EMENA BSS,27500,5/6,null
Boa Vontade TV,Star One C3,3868 V,South America,4833,5/6,0
ARB Media Qrup,Azerspace 1,11024 V,Europe,12700,5/6,null
Fundação Padre Anchieta,Star One D2,3830 H,Brazil & South America,13333,5/6,null
Record Belém,Eutelsat 65 West A,4607 H,C,4780,3/4,0
Grupo ATV,Intelsat 14,3945 V,Americas C,13332,2/3,0
Rwanda TV,Eutelsat 10B,3869 R,Wide C,3333,2/3,42-43
DD Uttar Pradesh,G-Sat 17,4098 H,C,6250,3/4,null
TV Româna,Eutelsat 16A,11512 V,Europe B,29950,2/3,44-46
SS Creative Solutions,AsiaSat 7,3880 H,C,29720,3/5,36-40
SS Creative Solutions,Paksat 1R,3846 V,C,6600,3/4,37-39
SS Creative Solutions,Paksat 1R,4023 V,C,4800,3/4,37-39
SS Creative Solutions,Paksat 1R,4037 V,C,4800,3/4,37-39
SS Creative Solutions,Paksat 1R,4060 V,C,5000,3/4,37-39
TV Senado,Star One D2,3935 H,Brazil & South America,3750,2/3,null
HSN,SES 18,4160 H,null,29270,3/4,null
Azercosmos,Azerspace 1,11135 H,Central Asia,30000,5/6,null
Azercosmos,Azerspace 2/Intelsat 38,11469 H,Eurasia,19000,5/6,0
Trinity Broadcasting,Apstar 7,3844 V,C,4000,3/4,38.5
Trinity Broadcasting,Galaxy 18,4040 V,C,30000,3/4,0
TCT,Galaxy 32,4074 V,North America,5600,3/4,null
RTRS Gornij Altai,Yamal 401,3986 R,Russia C,5120,3/4,0
Phoenix New Media,AsiaSat 7,4120 H,C,27500,7/8,36-40
Media Broadcast Satellite,Astra 1N,12633 H,Pan Europe,22000,5/6,0
Media Broadcast Satellite,Hotbird 13G,11054 H,Wide,27500,5/6,44-46
Media Broadcast Satellite,Hotbird 13G,11075 V,Wide,30000,3/4,44-46
ABC Queensland,Eutelsat 172B,11044 V,South Pacific,45000,4/5,null
ABC Queensland,Optus D2,12470 H,NB,47300,4/5,null
ABC Queensland,Optus D2,12658 H,NB,47300,4/5,null
TeleNest,Apstar 7,3745 V,C,5000,3/5,38.5
TeleNest,Apstar 7,3753 V,C,8330,3/5,38.5
TeleNest,Paksat 1R,3799 V,C,5500,3/4,37-39
TeleNest,Paksat 1R,3969 V,C,6944,3/4,37-39
SNRT,Badr 8,12683 V,EMENA FSS,27500,3/4,48
SNRT,Hotbird 13F,10873 V,Wide,27500,3/4,44-46
SNRT,Eutelsat 7 West A,11158 V,NW Africa,5000,9/10,0
SNRT,Eutelsat 7 West A,11475 V,NW Africa,27500,3/4,0
SNRT,Eutelsat 7 West A,11514 V,NW Africa,27500,2/3,0
RTRS Mordovia,Express AM7,3778 L,C Fixed,5130,3/4,0
RTRS Murmansk,Express AM7,3635 L,C Fixed,5130,3/4,0
ITV Network,G-Sat 17,4074 V,C,12500,8/9,null
The Times Group,Intelsat 20,3974 H,Landmass,22500,8/9,37.1-39.1
RTRS Udmurtia,Yamal 601,3858 L,C,5120,3/4,44-45
ABE,TKSat 1,11866 V,Ku FSS,7500,3/4,null
ABE,TKSat 1,12544 R,Ku BSS,30000,5/6,null
RTRS Sankt Peterburg,Yamal 601,3704 L,C,15284,3/4,44-45
ShopHQ,Galaxy 30,4011 V,North America,13750,3/4,0
RTRS Elista,Express AM7,3772 L,C Fixed,5120,3/4,0
Arabsat,Badr 8,11785 V,MENA BSS,27500,3/4,48
Arabsat,Badr 8,11996 H,EMENA BSS,27500,3/4,null
Arabsat,Badr 8,12073 H,EMENA BSS,27500,3/4,null
Arabsat,Arabsat 5C,3884 R,EMEA,27500,5/6,null
RTRS Ekaterinburg,Yamal 601,3857 R,C,5130,3/4,44-45
Alhurra TV,NSS 12,4060 L,Global,7043,3/4,34-36
TAP DMV,ABS 2,4093 V,East hemi,15000,5/6,0
PSTV,ABS 3A,11084 V,SAF,2500,null,0
KG Media,Telkom 4,3752 H,SE Asia,3083,3/4,null
Antenna Group,NSS 10,4176 V,North America,4411,3/4,0
Sudan TV,Badr 8,12523 V,EMENA FSS,27500,5/6,48
Hallmark,SES 1,4030 V,North America C,12400,7/8,0
Hallmark,SES 1,4048 V,North America C,15800,5/6,0
RTRS Sochi,Express AM6,10909 V,Ku Fixed 1,28724,3/4,45-47
RTRS Yaroslavl,Express AM6,10909 V,Ku Fixed 1,28724,3/4,45-47
TV Morena Campo Grande,Star One D2,3816 V,Brazil & South America,7500,2/3,null
2RN,Eutelsat Ka-Sat 9A,20192 L,Ireland,12500,5/6,null
RTRS Chita,Express AMU3,3772 R,Fixed C,5120,3/4,null
Walt Disney TV,Intelsat 34,3925 V,Americas & Europe,30000,5/6,0
Walt Disney TV,Intelsat 34,4086 V,Americas & Europe,15000,3/4,0
Walt Disney TV,Galaxy 18,4140 H,C,34286,25/36,0
HBO The Works,Galaxy 33,4060 V,North America C,34286,2/3,0
HBO The Works,Galaxy 33,4080 H,North America C,34286,2/3,0
Rede Família,Eutelsat 65 West A,4578 H,C,3750,4/5,0
SBS Victoria,Optus D2,12532 H,NB,47300,5/6,null
DD Free Dish,G-Sat 15,11090 V,India,29500,3/4,null
DD Free Dish,G-Sat 15,11170 V,India,29500,3/4,null
DD Free Dish,G-Sat 15,11470 V,India,29500,3/4,null
DD Free Dish,G-Sat 15,11510 V,India,29500,3/4,null
DD Free Dish,G-Sat 15,11550 V,India,29500,3/4,null
DD Free Dish,G-Sat 15,11630 V,India,30000,3/5,null
MBC,Astra 4A,12621 V,Sub Saharan Africa,3660,2/3,0
RTRS Mari El,Express AM7,3709 L,C Fixed,5120,3/4,0
RTRS Saratov,Yamal 601,3595 L,C,5130,3/4,44-45
RTRS Saratov,Yamal 601,3822 L,C,5130,3/4,44-45
Digi Shala,G-Sat 15,11670 H,India,29500,3/4,null
Semnan TV,Intelsat 39,10991 V,Middle East,1580,3/5,46.3-48.3
Slovak Telekom,Thor 7,12169 H,Ku,30000,3/4,0
Slovak Telekom,Thor 7,12245 H,Ku,30000,3/4,0
Slovak Telekom,Thor 5,12265 V,T2,28000,7/8,44
Slovak Telekom,Thor 6,11977 H,K2,30000,3/4,0
Slovak Telekom,Thor 6,12054 H,K2,30000,3/4,0
Slovak Telekom,Thor 6,12380 V,K2,30000,3/4,0
Slovak Telekom,Thor 6,12456 V,K2,30000,3/4,0
Slovak Telekom,Intelsat 10-02,12527 H,Spot 3,28800,3/5,0
Slovak Telekom,Intelsat 10-02,12563 V,Spot 3,28800,3/5,0
Slovak Telekom,Intelsat 10-02,12607 V,Spot 3,28800,3/5,0
RTTL,Telkom 4,3997 H,SE Asia,4285,7/8,null
SiBCI,Intelsat 35e,11100 V,Caribbean,45000,3/4,null
SiBCI,Intelsat 35e,11646 V,Caribbean,10000,2/3,null
SiBCI,Intelsat 14,4059 H,Americas C,26666,3/4,0
MFM Radio,Badr 7,10955 H,NW Africa,789,3/4,0
RTRS Tyva,Yamal 401,4001 R,Russia C,5130,3/4,0
Record Paulista,Eutelsat 65 West A,4531 H,C,3750,3/4,0
IKO MG,Measat 3a,4120 H,Global,30000,3/5,null
IKO MG,Galaxy 18,4009 V,C,15000,3/4,0
DD Malayalam,G-Sat 17,4032 H,C,6250,3/4,null
RTRS Velikiy Novgorod,Express AM7,3792 L,C Fixed,5130,3/4,0
Rodja TV,Telkom 4,3824 H,SE Asia,3636,3/4,null
AIR Vijayawada,G-Sat 10,4123 V,C,320,3/4,null
RTRS Pskov,Express AM7,3985 L,C Fixed,5120,3/4,0
Zim Digital,Eutelsat 7B,11356 H,Africa,35000,2/3,0
TPSD,Eutelsat 117 West A,3924 V,Hemi C,7257,8/9,null
Sentech,Intelsat 20,11474 V,South Africa,28750,5/6,0
Sentech,Intelsat 20,11514 V,South Africa,28750,5/6,0
Sentech,Intelsat 20,12682 V,Europe & Africa,30000,2/3,44.8-45.8
Sentech,Intelsat 20,12722 V,Europe & Africa,26657,1/2,44.8-45.8
TV Canção Nova Rede,Star One D2,4056 V,Brazil & South America,5833,3/4,null
RTRS Samara,Yamal 601,3803 L,C,5130,3/4,44-45
DD Meghalaya,G-Sat 17,3711 H,C,6250,3/4,null
Kuzbass 1,Yamal 401,11495 H,Northern,4067,3/4,46-47
City TV,SES 6,3962 R,Hemi,4332,2/3,0
TDF,Eutelsat 5 West B,11480 H,Transalpine,3167,3/4,0
Novo Tempo,SES 6,4086 L,Hemi,15000,2/3,0
SBA,Star One D2,3993 H,Brazil & South America,12416,2/3,null
MLB Network,Galaxy 18,4120 V,C,30000,5/6,0
Bangladesh Betar,Bangabandhu 1,4525 V,Beam 5,2400,6/7,null
RRI,Telkom 4,3946 H,SE Asia,6660,3/4,null
ZeonBud,Eutelsat 9B,12226 V,Nordic & Eastern,30000,5/6,0
ZeonBud,Eutelsat 9B,12303 V,Nordic & Eastern,30000,5/6,0
Showtime HD West Plex 2,SES 18,4180 V,null,30000,5/6,null
American Forces Network,NSS 9,4055 L,Global,11000,1/2,34-35
American Forces Network,Intelsat 18,3753 R,North hemi,30000,2/3,null
American Forces Network,Koreasat 5A,12470 V,NE Asia,30000,2/3,0
American Forces Network,Koreasat 5A,12590 V,NE Asia,30000,2/3,0
American Forces Network,NSS 12,4095 L,Global,11000,1/2,34-36
American Forces Network,Eutelsat 9B,11804 V,Wide,27500,2/3,44-45
American Forces Network,Intelsat 35e,4126 L,Global,11000,1/2,null
Multimedios,Eutelsat 117 West A,4184 H,Hemi C,25800,2/3,null
RRTM,NSS 12,11610 H,Central Asia,20200,3/4,0
RTP,Intelsat 901,3830 R,East hemi,8842,1/2,null
Oman TV,Eutelsat 21B,11627 V,Eastern,14400,3/5,null
India TV,Intelsat 20,3922 V,Landmass,7000,5/6,37.1-39.1
Acunmedya,Türksat 4A,12346 H,Turkey,9600,3/4,46-50
Acunmedya,Türksat 4A,12356 H,Turkey,7100,2/3,46-50
SBS Tasmania,Optus D2,12532 H,NB,47300,5/6,null
New Delhi TV,Intelsat 17,3914 H,Landmass,11200,3/4,38.2
RTRS Cheboksary,Express AM7,3785 L,C Fixed,5120,3/4,0
ABP,AsiaSat 7,3725 H,C,8165,2/3,36-40
ABP,AsiaSat 7,4156 H,C,8165,2/3,36-40
ABC WA,Eutelsat 172B,11044 V,South Pacific,45000,4/5,null
ABC WA,Optus D2,12470 H,NB,47300,4/5,null
ABC WA,Optus D2,12658 H,NB,47300,4/5,null
IMPD TV Worldwide,ABS 3A,3982 H,West hemi,5000,3/4,null
Canal TRO,SES 6,4066 L,Hemi,5453,3/4,0
NHK World Network,Intelsat 19,4146 H,West hemi,19910,1/2,0
NHK World Network,Intelsat 20,4128 H,Landmass,14890,2/3,37.1-39.1
NHK World Network,Intelsat 21,4166 H,West hemi,19910,1/2,0
Vivacom,Azerspace 2/Intelsat 38,11475 V,Europe,30000,5/6,49.6-51.6
Vivacom,Azerspace 2/Intelsat 38,11555 V,Europe,30000,5/6,49.6-51.6
Vivacom,Azerspace 2/Intelsat 38,12520 V,Europe,30000,5/6,49.6-51.6
Vivacom,Azerspace 2/Intelsat 38,12560 V,Europe,30000,5/6,49.6-51.6
Vivacom,Azerspace 2/Intelsat 38,12600 V,Europe,30000,5/6,49.6-51.6
Vivacom,Hotbird 13F,12616 H,South East,30000,5/6,null
Vivacom,Hotbird 13F,12635 V,South East,30000,5/6,null
Vivacom,Hotbird 13F,12654 H,South East,30000,5/6,null
Vivacom,Hotbird 13F,12673 V,South East,30000,5/6,null
Vivacom,Hotbird 13F,12713 V,South East,30000,5/6,null
Vivacom,Eutelsat 7B,11152 H,Africa,4165,2/3,0
TV Sul Bahia,Intelsat 37e,3773 R,Latin America,2397,2/3,null
RTRS Yamal,Yamal 601,3594 R,C,5120,3/4,44-45
Satelio,Intelsat 20,12522 V,Europe & Africa,27500,3/4,44.8-45.8
Satelio,Astra 4A,12565 V,Sub Saharan Africa,30000,5/6,0
Mediavision,NSS 12,10985 H,East Africa,45000,3/4,0-50
Towercom,Astra 3C,12363 V,East,29500,3/4,null
MYTV Broadcasting,AsiaSat 9,11490 V,Indonesia,45000,5/6,null
MYTV Broadcasting,ABS 2,3871 H,East hemi,51430,3/5,0
ABC Victoria,Optus D2,12470 H,NB,47300,4/5,null
ABC Victoria,Optus D2,12658 H,NB,47300,4/5,null
Eutelsat,Hotbird 13G,10815 H,Wide,27500,5/6,44-46
Eutelsat,Hotbird 13G,12322 H,Wide,27500,3/4,44-46
Eutelsat,Eutelsat 7B,10721 H,Africa,30000,2/3,0
Eutelsat,Eutelsat 7B,10887 H,Africa,30000,2/3,0
Eutelsat,Eutelsat 7B,12604 H,Africa,30000,2/3,0
Eutelsat,Eutelsat 7 West A,11449 H,MENA,27500,2/3,49
Eutelsat,Eutelsat 8 West B,12687 H,MENA,27500,7/8,51-52
Eutelsat,Eutelsat 65 West A,11304 H,Americas,30000,3/5,null
Eutelsat,Eutelsat 65 West A,11346 H,Americas,30000,2/3,null
Band Triângulo,Eutelsat 65 West A,4692 H,C,3720,3/4,0
RTVE,Hispasat 30W-5,11222 H,Europe,30000,3/4,46-48
RTVE,Hispasat 30W-6,11675 H,Europe & North Africa,15750,3/4,null
RTVE,Eutelsat 117 West A,4013 V,Hemi C,9425,3/4,null
ETV Network,G-Sat 30,3725 H,C,30000,3/4,null
ETV Network,G-Sat 30,4005 H,C,30000,3/4,null
A1 Croatia,Eutelsat 16A,11471 V,Europe B,30000,5/6,44-46
A1 Croatia,Eutelsat 16A,11554 V,Europe B,30000,5/6,44-46
Gulfsat,Eutelsat 7 West A,10727 H,MENA,27500,7/8,49
Gulfsat,Eutelsat 7 West A,11564 H,MENA,27500,2/3,49
Gulfsat,Eutelsat 8 West B,11554 V,East,27500,7/8,52
Gulfsat,Eutelsat 8 West B,11678 V,East,27500,7/8,52
Gulfsat,Eutelsat 8 West B,12687 V,East,27500,3/4,52
Starz,Galaxy 37/Horizons 4,4040 V,North America C,32500,3/4,0
Starz,Galaxy 33,4100 V,North America C,32500,3/4,0
Vivacom DTT,Eutelsat 33F,12646 H,Wide,13910,3/4,null
Globecast,AsiaSat 5,4080 H,C,30000,5/6,38-40
Globecast,Measat 3d,4120 V,Global,29700,5/6,null
Globecast,Astra 1L,11509 V,Europe Ku,22000,5/6,0
Globecast,Astra 1L,11538 V,Europe Ku,22000,5/6,0
Globecast,Astra 1N,12522 V,Pan Europe,22000,2/3,0
Globecast,Hotbird 13G,11034 V,Wide,27500,3/4,44-46
Globecast,Hotbird 13G,11566 H,Wide,29900,3/4,44-46
Globecast,Hotbird 13G,11727 V,Wide,29900,3/4,44-46
Globecast,Hotbird 13G,12476 H,Wide,29900,3/4,44-46
Globecast,Hotbird 13G,12597 V,Wide,27500,3/4,44-46
Globecast,Eutelsat 9B,11996 V,Wide,27500,3/4,44-45
Globecast,Eutelsat 9B,12034 V,Wide,27500,3/4,44-45
Globecast,SES 5,12015 V,Sub Saharan Africa,29950,3/4,0
Globecast,Galaxy 19,12053 V,Ku,22000,3/4,0
Globecast,Galaxy 19,12146 V,Ku,22000,3/4,0
Globecast,Galaxy 19,12152 H,Ku,20000,3/4,0
Globecast,Galaxy 19,12177 V,Ku,23000,3/4,0
Albavisión,Intelsat 34,3918 H,Americas & Europe,7915,3/5,0
TV ALEPE,Eutelsat 65 West A,4688 H,C,3750,2/3,0
RTRS Nizhny Novgorod,Express AM7,3942 L,C Fixed,5130,3/4,0
RTRS Vladikavkaz,Express AM7,3908 L,C Fixed,5140,3/4,0
Sichuan TV,ChinaSat 6E,3903 V,null,9300,3/4,null
TV Nacional de Chile,Intelsat 21,3975 H,West hemi,4500,2/3,0
Canal 10 Chiapas,Eutelsat 115 West B,4124 H,Hemi,3609,3/4,0
NBC Universal,SES 1,4160 V,North America C,30000,5/6,0
NBC Universal,Galaxy 30,4080 H,North America,30000,5/6,0
Macau Satellite TV,AsiaSat 5,3726 V,C,6666,3/4,38-40
RTRS Tambov,Express AM7,3765 L,C Fixed,5130,3/4,0
QVC,SES 18,4080 H,null,30000,5/6,null
Televisa Networks,Eutelsat 9B,11759 V,Wide,14324,5/6,44-45
Televisa Networks,Intelsat 34,3805 V,Americas & Europe,23330,5/6,0
Televisa Networks,Intelsat 34,4180 V,Americas & Europe,30000,5/6,0
Televisa Networks,Eutelsat 117 West A,4060 H,Hemi C,30000,5/6,null
Televisa Networks,Eutelsat 117 West A,4100 H,Hemi C,30000,5/6,null
Televisa Networks,Eutelsat 117 West A,4140 H,Hemi C,30000,5/6,null
Family Broadcasting Corporation,Galaxy 16,4040 H,C,26400,3/4,0
TVE,Eutelsat 65 West A,11440 V,Americas,5000,2/3,null
LPB,SES 2,11811 H,North America Ku,11150,3/5,0
TRBNA,Eutelsat 70B,11050 H,Central Asia,19210,1/2,44-46
TV Cachoeira,Eutelsat 65 West A,4566 H,C,5083,3/4,0
TV Câmara,Star One D2,3931 H,Brazil & South America,3542,2/3,null
Swayam Prabha,G-Sat 15,11630 H,India,29500,3/4,null
Freesat,Astra 2E,10773 H,UK,23000,3/4,0
Freesat,Astra 2E,10788 V,UK,23000,3/4,0
Freesat,Astra 2E,10818 V,UK,23000,3/4,0
Freesat,Astra 2E,10847 V,UK,23000,3/4,0
Freesat,Astra 2E,10891 H,UK,22000,5/6,0
Freesat,Astra 2G,11023 H,UK,23000,3/4,0
Freesat,Astra 2G,11126 V,UK,22000,5/6,0
Educational Media Foundation,SES 1,11704 V,North America Ku,3650,3/4,0
Educational Media Foundation,Anik F3,4196 V,North America C,2800,3/4,0
The CW Plus,Galaxy 32,4084 H,North America,21600,5/6,null
RTRS Stavropol,Express AM7,3608 L,C Fixed,5130,3/4,0
TMT,TurkmenÄlem/MonacoSat,12265 V,West,27500,2/3,null
TMT,TurkmenÄlem/MonacoSat,12303 V,West,27500,2/3,null
Sairtek,NigComSat 1R,12518 H,Ecowas 2,29500,3/5,null
Du,Intelsat 20,4150 H,Landmass,14400,3/4,37.1-39.1
Du,Al Yah 1,12054 H,MENA,27500,3/5,51-52
Du,Al Yah 1,12169 H,MENA,27500,5/6,51-52
Du,TurkmenÄlem/MonacoSat,12437 H,Middle East & North Africa,27500,5/6,51
Du,TurkmenÄlem/MonacoSat,12476 H,Middle East & North Africa,27500,5/6,51
Du,Badr 8,11862 V,MENA BSS,27500,3/4,48
Du,Badr 8,12111 H,EMENA BSS,27500,5/6,null
Du,Hotbird 13G,11747 H,Wide,27500,3/4,44-46
Du,Eutelsat 7 West A,12322 V,MENA,30000,3/4,49
Azteca,Galaxy 16,4140 V,C,31450,3/4,0
Azteca,Eutelsat 117 West A,3810 V,Hemi C,15000,3/4,null
HBO Asia,Apstar 7,3960 H,C,30000,3/4,38.5
TRT,Türksat 3A,10959 V,West,6250,5/6,46-50
TRT,Türksat 3A,10967 V,West,7918,5/6,46-50
TRT,Türksat 3A,11054 V,West,30000,3/4,46-50
TRT,Türksat 3A,11096 H,East,30000,5/6,50
TRT,Türksat 3A,11129.3 V,West,400,5/6,46-50
TRT,Türksat 3A,11133 V,West,1800,3/4,46-50
TRT,Türksat 4A,11794 V,Turkey,30000,3/4,46-50
TRT,Türksat 4A,11958 V,Turkey,27500,5/6,46-50
DD Mizoram,G-Sat 17,3721 H,C,6250,3/4,null
North Telecom,Al Yah 1,11766 V,East,27500,7/8,49-50
North Telecom,Al Yah 1,11958 V,East,27500,7/8,49-50
North Telecom,Al Yah 1,12073 V,East,27500,5/6,49-50
North Telecom,Al Yah 1,12149 V,East,27500,3/4,49-50
MBC,Eutelsat 7B,11444 H,Africa,3210,3/4,0
AlbanicaSat,Eutelsat 16A,12537 V,Europe B,13466,3/4,44-46
Telespazio,Hotbird 13G,11179 H,Wide,27500,2/3,44-46
Telespazio,Hotbird 13G,11662 V,Wide,27500,2/3,44-46
Telespazio,Hotbird 13F,12111 V,Wide,27500,3/4,44-46
Rede Século 21,Star One D2,4111 H,Brazil & South America,5000,2/3,null
Medi 1 Radio,Eutelsat 21B,11577 H,Western,512,2/3,0
RTRS Altai,Yamal 401,3833 R,Russia C,5120,3/4,0
Global Link,Eutelsat 36B,11650 V,Eurasia,10000,3/4,46-47
Turner International Asia,AsiaSat 7,3960 H,C,30000,5/6,36-40
Grupo JBB,Amazonas 3,4156 H,America,4000,2/3,0
Record Minas,Eutelsat 65 West A,4573 H,C,4780,3/4,0
ONT,Eutelsat 7 West A,11658 V,NW Africa,27500,2/3,0
RTRS Blagoveshchensk,Express AMU3,3765 R,Fixed C,5120,3/4,null
Rede CNT Rio de Janeiro,Star One C3,3871 H,South America,5000,5/6,0
TV Integração Juiz de Fora,Eutelsat 65 West A,4698 H,C,6668,3/4,0
TFMediaCast,NigComSat 1R,12538 H,Ecowas 2,5000,3/4,null
TV Guararapes,Intelsat 14,3750 V,Americas C,4780,3/4,0
TV Guararapes,Star One C2,4110 H,South America,4780,3/4,null
Aora TV Satelit,Thaicom 4,11686 V,Indonesia broadcast,6666,3/4,null
Sharjah Broadcasting Authority,Arabsat 6A,11590 V,FSS,27500,5/6,null
Sharjah Broadcasting Authority,Eutelsat 8 West B,11013 V,MENA,27500,5/6,51-52
CTV,Anik F3,4030 V,North America C,15000,3/4,0
Canal + Polska,Hotbird 13G,11278 V,Wide,27500,3/4,44-46
Multi TV,Astra 2F,12525 V,West Africa,30000,5/6,0
AMC Networks International Latin America,SES 6,3923 R,Hemi,30000,5/6,0
AMC Networks International Latin America,SES 6,4095 R,Hemi,30000,5/6,0
Record Rio,Eutelsat 65 West A,4555 H,C,4780,3/4,0
Rede Pampa de Rádios,SES 4,4045 R,West hemi,2500,2/3,0
EBU,AsiaSat 5,3860 V,C,30000,3/4,38-40
IPP Media,Intelsat 22,3928 R,West hemi,8572,2/3,null
Assembleia do Amazonas,Star One D2,4130 H,Brazil & South America,3330,3/4,null
MNC Media,Telkom 4,4034 H,SE Asia,16600,3/4,null
ARD Digital,Astra 1M,10891 H,Europe,22000,2/3,0
ARD Digital,Astra 1L,11053 H,Europe Ku,22000,2/3,0
ARD Digital,Astra 1N,11494 H,Pan Europe,22000,2/3,0
ARD Digital,Astra 1L,11523 H,Europe Ku,22000,2/3,0
ARD Digital,Astra 1N,11582 H,Pan Europe,22000,2/3,0
ARD Digital,Astra 1N,11836 H,Pan Europe,27500,3/4,0
ARD Digital,Astra 1M,12110 H,Europe,27500,3/4,0
ARD Digital,Astra 1M,12422 H,Europe,27500,3/4,0
Band Minas,Star One C3,4069 H,South America,4170,3/4,0
DTCom,Amazonas 3,11026 V,Brazil,10805,2/3,0
VTV,Eutelsat 65 West A,4536 H,C,3847,3/4,0
Telefónica Servicios Audiovisuales,Astra 1L,11068 V,Europe Ku,22000,5/6,0
Telefónica Servicios Audiovisuales,Astra 1L,11377 V,Europe Ku,22000,2/3,0
Telefónica Servicios Audiovisuales,Hotbird 13G,12303 V,Wide,27500,3/4,44-46
Telefónica Servicios Audiovisuales,Hispasat 30W-5,10770 H,Europe,30000,5/6,46-48
Telefónica Servicios Audiovisuales,Hispasat 30W-5,10939 H,Europe,15000,3/4,46-48
Telefónica Servicios Audiovisuales,Hispasat 30W-5,12052 V,America,27500,3/4,0
Telefónica Servicios Audiovisuales,Hispasat 30W-5,12092 H,America,30000,3/5,0
NET,Star One D1,4140 V,Brazil C,30000,5/6,0
SBS NSW,Optus D2,12532 H,NB,47300,5/6,null
Zee Network,Bangabandhu 1,4712 V,Beam 5,10000,2/3,null
Zee Network,AsiaSat 7,3820 V,C,27500,3/4,36-40
Zee Network,AsiaSat 7,3890 V,C,11837,3/4,36-40
Zee Network,AsiaSat 7,4140 V,C,27500,3/4,36-40
Zee Network,G-Sat 30,4040 H,C,7500,3/4,null
Zee Network,G-Sat 30,4090 H,C,7500,5/6,null
Zee Network,G-Sat 30,4156 H,C,15000,5/6,null
Zee Network,Intelsat 20,3974 V,Landmass,22500,5/6,37.1-39.1
Zee Network,Intelsat 20,4000 H,Landmass,7500,3/4,37.1-39.1
Zee Network,Intelsat 20,4155 V,Landmass,22500,5/6,37.1-39.1
Zee Network,Intelsat 20,4163 H,Landmass,7500,3/4,37.1-39.1
SMTD,Intelsat 35e,11525 V,Africa & Europe,12333,3/4,null
Manila Broadcasting Company,Measat 3d,3984 V,Global,3333,2/3,null
RTRS Kurgan,Yamal 601,3864 R,C,5130,3/4,44-45
RTRS 2,Express AMU7,3766 R,Fixed C,15285,3/4,null
RTRS 2,Express AMU3,3725 R,Fixed C,15285,3/4,null
RTRS 2,Yamal 401,3725 L,Russia C,15284,3/4,0
RTRS 2,Yamal 401,3728 R,Russia C,15284,3/4,0
RTRS 2,Express AM6,10747 H,Ku Fixed 1,22900,3/4,45-47
RTRS 2,Express AM6,10875 V,Ku Fixed 1,15284,3/4,45-47
RTRS 2,Yamal 601,3654 L,C,20580,5/6,44-45
RTRS 2,Yamal 601,3663 R,C,15284,3/4,44-45
RTRS 2,Cosmos 2520,3760 L,null,25760,2/3,null
RTRS 2,Express AM7,3685 L,C Fixed,15284,3/4,0
Band Campinas,Star One C3,4083 H,South America,3633,3/4,0
Record Interior SP,Eutelsat 65 West A,4516 H,C,3750,3/4,0
RTRS Kostroma,Express AM7,3915 L,C Fixed,5130,3/4,0
CGTN,ChinaSat 6E,3770 H,null,12360,3/5,null
América,SES 6,3923 L,Hemi,7000,3/4,0
Grupo Vierci,Amazonas 3,3970 H,America,9875,2/3,0
TV Thathi Campinas,Star One C3,3910 V,South America,3750,3/4,0
TV UNAM,Eutelsat 65 West A,4613 V,C,6670,2/3,0
RTRS Ulan-Ude,Yamal 401,4051 R,Russia C,5130,3/4,0
Televisa,Galaxy 19,4140 H,C,34286,5/6,0
Televisa,Eutelsat 117 West A,3985 V,Hemi C,7500,2/3,null
Viva,Telkom 4,3850 H,SE Asia,7000,3/4,null
STN,Hotbird 13F,11296 H,Wide,27500,5/6,44-46
STN,Hotbird 13F,12520 V,Wide,27500,3/5,44-46
STN,Eutelsat 7 West A,11354 V,MENA,27500,3/4,49
STN,Eutelsat 8 West B,11637 V,East,27500,5/6,52
STN,Galaxy 19,12028 H,Ku,22000,3/4,0
Sky PerfecTV!,JCSAT 3A,12428 V,Ku,23303,3/5,0
Sky PerfecTV!,JCSAT 3A,12523 H,Ku,23303,3/5,0
Sky PerfecTV!,JCSAT 3A,12568 V,Ku,23303,3/5,0
Sky PerfecTV!,JCSAT 3A,12583 H,Ku,23303,3/5,0
Sky PerfecTV!,JCSAT 3A,12598 V,Ku,23303,3/5,0
Sky PerfecTV!,JCSAT 3A,12613 H,Ku,23303,3/5,0
Sky PerfecTV!,JCSAT 3A,12628 V,Ku,21096,3/4,0
Sky PerfecTV!,JCSAT 3A,12643 H,Ku,23303,3/5,0
Sky PerfecTV!,JCSAT 3A,12673 H,Ku,23303,3/5,0
Sky PerfecTV!,JCSAT 3A,12688 V,Ku,23303,3/5,0
Sky PerfecTV!,JCSAT 3A,12703 H,Ku,23303,3/5,0
Sky PerfecTV!,JCSAT 3A,12718 V,Ku,23303,3/5,0
Sky PerfecTV!,JCSAT 3A,12733 H,Ku,23303,3/5,0
Sky PerfecTV!,JCSAT 4B,12448 V,Japan,21096,3/4,0
Sky PerfecTV!,JCSAT 4B,12523 H,Japan,23303,3/5,0
Sky PerfecTV!,JCSAT 4B,12553 H,Japan,23303,3/5,0
Sky PerfecTV!,JCSAT 4B,12568 V,Japan,23303,3/5,0
Sky PerfecTV!,JCSAT 4B,12583 H,Japan,23303,3/5,0
Sky PerfecTV!,JCSAT 4B,12598 V,Japan,23303,3/5,0
Sky PerfecTV!,JCSAT 4B,12613 H,Japan,23303,3/5,0
Sky PerfecTV!,JCSAT 4B,12628 V,Japan,23303,3/5,0
Sky PerfecTV!,JCSAT 4B,12643 H,Japan,23303,3/5,0
Sky PerfecTV!,JCSAT 4B,12673 H,Japan,23303,3/5,0
Sky PerfecTV!,JCSAT 4B,12688 V,Japan,23303,3/5,0
Sky PerfecTV!,JCSAT 4B,12703 H,Japan,23303,3/5,0
Sky PerfecTV!,JCSAT 4B,12718 V,Japan,23303,3/5,0
Sky PerfecTV!,JCSAT 4B,12733 H,Japan,23303,3/5,0
Sky PerfecTV!,JCSAT 15,12291 R,Ku,28860,3/4,null
Sky PerfecTV!,JCSAT 15,12331 R,Ku,28860,3/4,null
Sky PerfecTV!,JCSAT 15,12371 R,Ku,28860,3/4,null
Sky PerfecTV!,JCSAT 15,12411 R,Ku,28860,3/4,null
Sky PerfecTV!,JCSAT 15,12431 L,Ku,33756,7/9,null
Sky PerfecTV!,JCSAT 15,12451 R,Ku,28860,3/4,null
Sky PerfecTV!,JCSAT 15,12471 L,Ku,33756,7/9,null
Sky PerfecTV!,JCSAT 15,12491 R,Ku,28860,3/4,null
Sky PerfecTV!,JCSAT 15,12531 R,Ku,28860,3/4,null
Sky PerfecTV!,JCSAT 15,12571 R,Ku,28860,3/4,null
Sky PerfecTV!,JCSAT 15,12611 R,Ku,28860,3/4,null
Sky PerfecTV!,JCSAT 15,12631 L,Ku,33756,7/9,null
Sky PerfecTV!,JCSAT 15,12651 R,Ku,28860,3/4,null
Sky PerfecTV!,JCSAT 15,12671 L,Ku,33756,7/9,null
Sky PerfecTV!,JCSAT 15,12691 R,Ku,28860,3/4,null
Sky PerfecTV!,JCSAT 15,12711 L,Ku,33756,7/9,null
Sky PerfecTV!,JCSAT 15,12731 R,Ku,28860,3/4,null
Wide Network Solutions,Express AM6,12594 V,Ku Fixed 2,27500,2/3,48-49
Wide Network Solutions,TurkmenÄlem/MonacoSat,10762 V,East,27500,2/3,0
Wide Network Solutions,TurkmenÄlem/MonacoSat,10762 H,East,30000,3/4,0
Wide Network Solutions,TurkmenÄlem/MonacoSat,10845 V,East,27500,2/3,0
Wide Network Solutions,TurkmenÄlem/MonacoSat,10887 V,East,27500,2/3,0
Wide Network Solutions,TurkmenÄlem/MonacoSat,11221 V,East,27500,2/3,0
Astro,Measat 3a,4160 H,Global,29700,3/5,null
Astro,Measat 3b,10732 V,Malaysia,30000,5/6,0
Astro,Measat 3b,10772 V,Malaysia,30000,5/6,0
Astro,Measat 3b,10812 V,Malaysia,30000,5/6,0
Astro,Measat 3b,10852 V,Malaysia,30000,5/6,0
Astro,Measat 3b,10892 V,Malaysia,30000,5/6,0
Astro,Measat 3b,10932 V,Malaysia,30000,5/6,0
Astro,Measat 3d,10982 V,Malaysia,30000,5/6,0
Astro,Measat 3d,11022 V,Malaysia,30000,5/6,0
Astro,Measat 3d,11062 V,Malaysia,30000,7/8,0
Astro,Measat 3d,11102 V,Malaysia,30000,3/4,0
Astro,Measat 3d,11142 V,Malaysia,30000,5/6,0
Astro,Measat 3d,11182 V,Malaysia,30000,5/6,0
Astro,Measat 3d,11232 V,Malaysia,30000,5/6,0
Astro,Measat 3d,11272 V,Malaysia,30000,3/5,0
Astro,Measat 3d,11312 V,Malaysia,30000,5/6,0
Astro,Measat 3d,11392 V,Malaysia,30000,5/6,0
Astro,Measat 3d,11432 V,Malaysia,30000,3/5,0
Astro,Measat 3b,11775 V,Malaysia,30000,3/4,0
Astro,Measat 3b,11895 V,Malaysia,30000,3/4,0
Record News,Eutelsat 65 West A,4526 H,C,4800,2/3,0
Record News,Eutelsat 65 West A,4583 H,C,4800,2/3,0
Record News,Star One D2,4052 H,Brazil & South America,3734,3/4,null
Team:Media,Eutelsat 16A,11262 H,Europe B,30000,2/3,44-46
RL Liguria 1,Eutelsat 9B,12380 V,Italy,31400,2/3,0
Rede Amazônica Porto Velho,Star One D2,4110 V,Brazil & South America,5000,2/3,null
ABC Sydney,Optus D2,12443 V,NANZ,1644,3/4,null
Aastha TV,Intelsat 20,3769 V,Landmass,3600,3/4,37.1-39.1
Aastha TV,Intelsat 20,3777 V,Landmass,2940,3/4,37.1-39.1
Suno FM,Paksat 1R,3760 H,C,1003,1/2,37-39
ERT,Hellas Sat 3,12224 H,Europe,13381,3/4,46-48
Sahara Samay,AsiaSat 7,3652 V,C,14100,3/4,36-40
Grupo Bandeirantes,Star One D2,3990 V,Brazil & South America,7400,3/4,null
Grupo Bandeirantes,Star One C3,4120 H,South America,30000,5/6,0
Boas Novas,Star One D2,3847 H,Brazil & South America,2500,3/4,null
HD+,Astra 1KR,10832 H,Europe,22000,2/3,0
HD+,Astra 1N,11464 H,Pan Europe,22000,2/3,0
HD+,Astra 1N,12640 V,Pan Europe,23500,3/4,0
HD+,Astra 1N,12670 V,Pan Europe,23500,3/4,0
China National Radio,Apstar 6C,12269 V,China,18000,1/2,0
RBI TV,Star One C3,3846 V,South America,5000,3/4,0
Nilesat,Nilesat 201,11766 H,Middle East,27500,5/6,48
Nilesat,Nilesat 201,11785 V,Middle East,27500,5/6,48
Nilesat,Nilesat 201,11804 H,Middle East,27500,5/6,48
Nilesat,Nilesat 201,11823 V,Middle East,27500,5/6,48
Nilesat,Nilesat 201,11900 V,Middle East,27500,5/6,48
Nilesat,Nilesat 201,11938 V,Middle East,27500,5/6,48
Nilesat,Nilesat 201,12015 V,Middle East,27500,5/6,48
Nilesat,Nilesat 201,12207 V,Middle East,27500,5/6,48
Nilesat,Nilesat 301,12054 V,Middle East & North Africa Standard,27500,5/6,null
Nilesat,Nilesat 301,13575 H,Middle East & North Africa Extended,27500,5/6,49
Nilesat,Eutelsat 8 West B,12729 H,MENA,27500,2/3,51-52
Metra TV,Telkom 3S,12316 H,Indonesia,7500,3/4,null
Pasifika TV,Intelsat 19,4146 V,West hemi,8400,3/5,0
PSI,Thaicom 6,3800 H,SE Asia C,30000,2/3,null
PSI,Thaicom 6,4120 H,SE Asia C,30000,2/3,null
PSI,Thaicom 6,12343 V,SE Asia Ku,45000,3/4,null
PSI,Thaicom 6,12728 V,SE Asia Ku,30000,3/4,null
Mediaset,Hotbird 13F,11432 V,Wide,29900,3/4,44-46
Mediaset,Hotbird 13F,11919 V,Wide,29900,2/3,44-46
Mediaset,Eutelsat 9B,12149 V,Italy,31400,2/3,0
RTRS Omsk,Yamal 401,3980 R,Russia C,5130,3/4,0
SNAI,Eutelsat 16A,12699 H,Europe B,9880,2/3,44-46
Record Bahia,Eutelsat 65 West A,4601 H,C,4780,3/4,0
Sun 18 Media Services,G-Sat 30,4071 H,C,7200,3/4,null
Sun 18 Media Services,Intelsat 20,3995 V,Landmass,6666,5/6,37.1-39.1
Sun 18 Media Services,Intelsat 20,4034 H,Landmass,20500,5/6,37.1-39.1
Sun 18 Media Services,Intelsat 20,4103 H,Landmass,5720,3/4,37.1-39.1
Encompass,Measat 3a,3760 H,Global,29700,5/6,null
Encompass,Measat 3a,3960 H,Global,29700,3/5,null
Encompass,Measat 3a,4000 H,Global,29700,3/5,null
Encompass,Measat 3a,4040 H,Global,29700,3/5,null
Encompass,Intelsat 17,3984 H,Landmass,14400,3/4,38.2
Encompass,Galaxy 37/Horizons 4,4160 V,North America C,30000,5/6,0
Warner Bros. Discovery,Intelsat 19,3840 V,West hemi,30000,3/4,0
Warner Bros. Discovery,Intelsat 19,3980 H,West hemi,30000,3/4,0
Warner Bros. Discovery,Intelsat 19,4040 V,West hemi,30000,3/4,0
Warner Bros. Discovery,Intelsat 19,4080 V,West hemi,30000,3/4,0
Warner Bros. Discovery,Intelsat 20,3739 H,Landmass,30000,3/4,37.1-39.1
Warner Bros. Discovery,Eutelsat 21B,10723 V,Wide,32115,1/2,47
Warner Bros. Discovery,Hotbird 13F,11258 H,Wide,27500,3/4,44-46
Warner Bros. Discovery,Hotbird 13F,11334 H,Wide,27500,3/4,44-46
Warner Bros. Discovery,Hotbird 13F,11393 V,Wide,27500,3/4,44-46
Warner Bros. Discovery,Hotbird 13F,11508 V,Wide,27500,3/4,44-46
Warner Bros. Discovery,Eutelsat 9B,11881 V,Wide,30000,3/4,44-45
Warner Bros. Discovery,Eutelsat 9B,11919 V,Wide,30000,3/4,44-45
Warner Bros. Discovery,Intelsat 21,3840 V,West hemi,30000,8/9,0
Warner Bros. Discovery,Intelsat 21,3880 V,West hemi,30000,8/9,0
Warner Bros. Discovery,Intelsat 21,3960 V,West hemi,30000,8/9,0
Warner Bros. Discovery,Intelsat 21,4120 H,West hemi,30000,8/9,0
Warner Bros. Discovery,SES 1,4020 H,North America C,30000,5/6,0
Warner Bros. Discovery,Galaxy 37/Horizons 4,4180 H,North America C,30000,3/4,0
UDG TV,Eutelsat 117 West A,3917 V,Hemi C,4500,3/4,null
TopStar,Eutelsat 8 West B,3850 R,C,16330,3/4,40
María+Visión,Intelsat 21,4174 V,West hemi,3333,3/4,0
Mega-Choice,Türksat 4A,12554 V,Africa,22500,3/4,null
Mega-Choice,Türksat 4A,18634 L,Europe,22500,3/4,null
TV Encontro das Águas,Star One D1,3925 H,Brazil C,4665,5/6,0
TRT Trabzon,Türksat 3A,11130.8 V,West,400,5/6,46-50
ABS-CBN,Intelsat 19,3949 H,West hemi,15000,2/3,0
ABS-CBN,Intelsat 19,4180 H,West hemi,30000,2/3,0
ABS-CBN,Intelsat 20,3868 V,Landmass,15000,2/3,37.1-39.1
Persidera,Eutelsat 9B,12341 V,Italy,31400,5/6,0
VoA,NSS 12,4069 L,Global,1040,1/2,34-36
VoA,Hotbird 13G,12226 V,Wide,27500,3/4,44-46
Isfahan TV,Intelsat 39,10997 V,Middle East,1520,3/5,46.3-48.3
Jordan Media City,Badr 8,11747 V,MENA BSS,27500,3/4,48
Jordan Media City,Badr 8,11938 V,EMENA BSS,27500,5/6,null
Jordan Media City,Badr 8,12054 V,EMENA BSS,27500,5/6,null
Jordan Media City,Nilesat 201,11958 H,Middle East,27500,5/6,48
Jordan Media City,Eutelsat 7 West A,12399 V,MENA,27500,5/6,49
Qatar TV,Badr 8,12169 V,EMENA BSS,22000,3/4,null
Qatar TV,Eutelsat 7 West A,10834 V,MENA,27500,3/4,49
Iraqi Media Network,Eutelsat 8 West B,12563 H,MENA,27500,5/6,51-52
TV Pampa,SES 4,4062 R,West hemi,6443,5/6,0
RTRS Ivanovo,Express AM7,3885 L,C Fixed,5120,3/4,0
TV TEM Itapetininga,Eutelsat 65 West A,4706 V,C,7072,3/4,0
Mega TV Network,G-Sat 30,3870 H,C,5000,5/6,null
ORF Digital,Astra 1KR,11244 H,Europe,22000,5/6,0
ORF Digital,Astra 1KR,11273 H,Europe,22000,2/3,0
ORF Digital,Astra 1L,11303 H,Europe Ku,22000,2/3,0
ORF Digital,Astra 1N,12663 H,Pan Europe,22000,5/6,0
ORF Digital,Astra 1N,12692 H,Pan Europe,22000,5/6,0
High View,Astra 1L,12610 V,Europe Ku,22000,3/4,0
High View,Astra 1L,12699 V,Europe Ku,23500,3/4,0
DD Bangla,G-Sat 17,3952 H,C,6250,3/4,null
Repretel,Intelsat 34,3930 H,Americas & Europe,4000,3/5,0
Band Paraná,Star One C3,4078 H,South America,3750,3/4,0
EPTV Sul de Minas,Star One D2,3925 V,Brazil & South America,5000,2/3,null
Q Radio,Intelsat 901,11596 V,Spot 2,500,8/9,null
IMPD TV Rondônia,ABS 3A,3987 H,West hemi,3333,5/6,null
Broadcast Partners,Eutelsat 16A,11053.9 H,Europe A,365,3/5,47-48
Broadcast Partners,Eutelsat 16A,11054.6 H,Europe A,365,2/3,47-48
Thaicom,Thaicom 6,3760 H,SE Asia C,30000,5/6,null
Thaicom,Thaicom 6,3840 H,SE Asia C,30000,3/4,null
Thaicom,Thaicom 6,3920 H,SE Asia C,30000,3/4,null
Thaicom,Thaicom 6,12687 V,SE Asia Ku,30000,5/6,null
Canais Globo,Star One C3,4012 V,South America,22860,4/5,0
Canais Globo,Star One D1,4020 V,Brazil C,34280,4/5,0
Canais Globo,Star One D1,4100 V,Brazil C,34280,4/5,0
RTRS Tyumen,Yamal 601,3628 R,C,5120,3/4,44-45
AIR,G-Sat 10,4108 V,C,1000,3/4,null
AIR,G-Sat 10,4113 V,C,1000,3/4,null
AIR,G-Sat 10,4116 V,C,1000,3/4,null
AIR,G-Sat 10,4127 V,C,1000,3/4,null
AIR,G-Sat 10,4130 V,C,1000,3/4,null
AIR,G-Sat 18,3875 H,India,1000,3/4,null
Rede TV!,Star One D2,4155 V,Brazil & South America,7500,5/6,null
Telesur English,Intelsat 14,11735 V,Americas Ku,7500,5/6,null
TV Paranaíba,Star One C2,4104 H,South America,5000,2/3,null
TV Alterosa,Star One C3,3787 V,South America,7500,3/4,0
TV TEM São José do Rio Preto,Eutelsat 65 West A,4696 V,C,7072,3/4,0
Liga 1,SES 6,3848 R,Hemi,7500,5/6,0
Aragón TV,Hispasat 30W-5,11330 H,Europe,9140,3/4,46-48
Oman TV,Badr 8,12456 H,MENA BSS,27500,3/4,48
Oman TV,Nilesat 201,12130 V,Middle East,27500,3/4,48
Atresmedia,Eutelsat 117 West A,4094 V,Hemi C,6333,3/4,null
Telstra Broadcast Services,Intelsat 19,12606 H,Australia & New Zealand,30000,5/6,0
Fish TV,Star One C3,4158 H,South America,4583,5/6,0
Palsat,Badr 8,11958 H,EMENA BSS,27500,3/4,null
Palsat,Eutelsat 8 West B,12646 H,MENA,27500,7/8,51-52
TV Evangelizar,Star One D2,4095 H,Brazil & South America,5000,null,null
OIV,Eutelsat 16A,11637 V,Europe B,30000,2/3,44-46
CRP Radios,Intelsat 14,4080 H,Americas C,666,null,0
RTRS Kabardino Balkarija,Express AM7,3808 L,C Fixed,5130,3/4,0
RTRS Voronezh,Express AM7,3643 L,C Fixed,5120,3/4,0
Etisalat,Hotbird 13G,12399 H,Wide,29700,2/3,44-46
CruiseSat,ABS 3A,4130 V,Global,22080,3/5,null
CruiseSat,Amazonas 3,4040 V,America,23333,3/4,0
CruiseSat,Anik F1R,4120 H,South America C,22000,3/4,null
SETN,AsiaSat 5,12621 V,East Asia,4166,3/4,0
EWTN,Galaxy 33,4150 H,North America C,11936,3/4,0
EWTN,Galaxy 33,4168 H,North America C,16303,1/2,0
Bloomberg TV,Intelsat 34,4099 H,Americas & Europe,7500,3/4,0
Veterans Affairs Knowledge Network,EchoStar 105/SES 11,12109 V,North America Ku,9500,2/3,null
América Paraguay,Amazonas 3,4195 V,America,4444,3/4,0
TV Gazeta Alagoas,Star One C3,3854 V,South America,4583,3/4,0
Premium Free,Eutelsat 16A,12687 H,Sub-Sahara Africa,30000,3/4,0
Premium Free,Eutelsat 7B,10845 H,Africa,30000,2/3,0
RTRS Ryazan,Express AM7,3722 L,C Fixed,5120,3/4,0
Arryadia,Eutelsat 21B,11189 H,Western,9690,2/3,0
Band Vale,Star One C3,3949 V,South America,3750,3/4,0
The Erotic Networks,Eutelsat 117 West A,4085 V,Hemi C,11167,5/6,null
Network 18,Intelsat 20,4034 V,Landmass,21600,5/6,37.1-39.1
StarTimes TV Kenya,Eutelsat 10B,3898 R,Wide C,20150,5/6,42-43
GCI,Galaxy 30,3860 V,North America,30000,5/6,0
GCI,Galaxy 30,3900 V,North America,30000,5/6,0
GCI,Galaxy 37/Horizons 4,3940 H,North America C,30000,5/6,0
GCI,Galaxy 37/Horizons 4,3980 H,North America C,30000,5/6,0
Grupo Radio Centro,Eutelsat 115 West B,4118 H,Hemi,1550,null,0
VTV,Apstar 6C,3418 H,C,19200,2/3,0
Vidi TV,Eutelsat 33F,11444 H,Wide,17500,3/4,null
HBO Network Latinoamérica,Intelsat 34,3885 V,Americas & Europe,30000,5/6,0
HBO Network Latinoamérica,Intelsat 21,4040 V,West hemi,30000,5/6,0
HBO Network Latinoamérica,Intelsat 21,4080 H,West hemi,32700,3/4,0
RTM Sarawak,Measat 3d,3870 V,Global,4444,2/3,null
SVBC,G-Sat 30,3768 H,C,3600,5/6,null
VTV,SES 6,4061 R,Hemi,20000,5/6,0
Teleradiokom,NSS 12,11585 H,Central Asia,10750,3/4,0
Radio Pakistan,Paksat 1R,3847 H,C,1081,3/4,37-39
ICRT,Hispasat 30W-6,11884 V,America,27500,2/3,0
Arsat,Arsat 1,11590 V,Argentina,30000,5/6,0
RTRS Vladivostok,Express AMU3,3705 R,Russia C,5120,3/4,null
TRT Antalya,Türksat 3A,11128.6 V,West,400,5/6,46-50
Teletrak,Telstar 14R,11592 V,Southern Cone,5165,null,null
Band Bahia,Star One C3,3988 V,South America,3750,5/6,0
MediaCan,Koreasat 5A,12577 H,NE Asia,8800,5/6,0
MediaCan,Koreasat 5A,12602 H,NE Asia,17500,5/6,0
Televicentro,Intelsat 14,4148 V,Americas C,6400,3/4,0
RT,Express AM8,11541 H,Ku Fixed 2,8264,3/4,48
Skylogic,Eutelsat 9B,11823 H,Wide,27500,3/4,44-45
Kanak Teleport,G-Sat 10,3861 V,C,3974,3/5,null
T-Sat,G-Sat 8,10968 V,null,11630,3/4,null
WiTV Africa,ABS 3A,10972 V,SAF,30000,null,0
RFI,Eutelsat 8 West B,3964 R,C,4166,1/2,40
Caracol TV,Intelsat 21,3789 H,West hemi,5825,8/9,0
Nine Entertainment,Intelsat 19,12569 V,Australia & New Zealand,26809,8/9,0
Record Interior RJ,Eutelsat 65 West A,4549 H,C,3750,3/4,0
Record Interior RJ,Eutelsat 65 West A,4745 H,C,3750,3/4,0
Paramount International Networks,Intelsat 19,3931 H,West hemi,15000,3/4,0
Paramount International Networks,Astra 1M,11973 V,Europe Wide,27500,3/4,47-49
Paramount International Networks,Thor 6,12226 V,K2,27500,5/6,0
Azarbayjan-e Gharbi TV,Intelsat 39,10999 V,Middle East,1500,3/5,46.3-48.3
New World TV,Eutelsat 10B,3918 R,Wide C,6480,3/4,42-43
TV Azteca Guate,Eutelsat 117 West A,3892 H,Hemi C,5000,3/4,null
TV ALBA,Eutelsat 65 West A,4704 H,C,2500,2/3,0
JSBC,ChinaSat 6E,3971 H,null,10000,3/4,null
Grupo RPP,Intelsat 14,4178 H,Americas C,1666,3/4,0
Bol,Apstar 7,3873 V,C,8000,3/5,38.5
SBT Rio Grande,Amazonas 3,3942 V,America,5000,3/4,0
RTRS Syktyvkar,Express AM7,3815 L,C Fixed,5120,3/4,0
Raj TV Network,ChinaSat 12,4140 V,C,28800,3/4,null
TV Cidade Verde Piauí,SES 4,4058 L,West hemi,5000,5/6,0
Antena 7,Intelsat 14,3971 V,Americas C,2400,3/5,0
C-SPAN,Galaxy 30,4029 V,North America,16300,8/9,0
RTRS Chelyabinsk,Yamal 601,3695 R,C,5120,3/4,44-45
Russkiy Mir,Express 103,3595 R,C Fixed,38700,8/9,39.7-41.7
Russkiy Mir,Express AT1,12169 R,Wide,27500,3/4,0
Russkiy Mir,Express AT1,12245 R,Wide,27500,3/4,0
Viewsat,Eutelsat 7 West A,10815 H,MENA,27500,7/8,49
Stereo Plus,Eutelsat 36B,11230 H,Eurasia,15000,3/5,46-47
TV Antena 10,SES 4,4063 L,West hemi,3960,3/4,0
IEN Doros,Badr 8,12437 V,MENA BSS,27500,3/4,48
TV Correio,SES 4,4075 L,West hemi,5416,2/3,0
TV Pai Eterno,Intelsat 14,3852 V,Americas C,10000,2/3,0
TV5Monde,Intelsat 17,3836 H,Landmass,14870,3/5,38.2
TV5Monde,Intelsat 10-02,12643 V,Spot 3,28800,3/4,0
SBT Rede 1,Star One D2,4026 V,Brazil & South America,7140,5/6,null
Fundação Cultural Riograndense,Star One C3,3887 H,South America,740,3/4,0
GMA Network,Telstar 18 Vantage,3745 H,Asia & Australia & Pacific,4583,3/4,0
GMA Network,Telstar 18 Vantage,3751 H,Asia & Australia & Pacific,4444,2/3,0
GMA Network,Telstar 18 Vantage,3847 H,Asia & Australia & Pacific,8000,3/4,0
GMA Network,Apstar 7,3850 V,C,4444,2/3,38.5
GMA Network,SES 22,4015 V,North America,4444,2/3,0
Arktik Telekom,Express AM5,11124 V,Fixed 1,4340,3/4,0
A1 Telekom Austria,Apstar 7,4000 H,C,30000,3/4,38.5
A1 Telekom Austria,Astra 3B,12642.4 V,Europe Ku,280,3/4,0
A1 Telekom Austria,Eutelsat 16A,11283 V,Europe B,30000,2/3,44-46
A1 Telekom Austria,Eutelsat 16A,11637 H,Europe B,30000,5/6,44-46
A1 Telekom Austria,Eutelsat 9B,11727 V,Wide,30000,3/4,44-45
Paramount Domestic Media Networks HD Plex 2,SES 1,4100 H,North America C,30000,5/6,0
MTVA,Eutelsat 9B,11958 V,Wide,27500,2/3,44-45
Beta Digital,Astra 1L,10964 H,Europe Ku,22000,2/3,0
Geo TV Network,Paksat 1R,3813 V,C,16855,3/5,37-39
Suyapa TV,Intelsat 14,3784 V,Americas C,2400,3/4,0
TVRI,Telkom 4,3924 H,SE Asia,6500,2/3,null
TV PE,Star One D1,4170 V,Brazil C,5000,2/3,0
ESPN Brasil,SES 6,3980 L,Hemi,21600,3/4,0
VANDE Gujarat,G-Sat 15,11550 H,India,29500,3/4,null
Brahmaputra Tele Productions,G-Sat 30,3949 H,C,3672,5/6,null
Sports Inspires Life,Intelsat 20,3868 H,Landmass,14450,3/4,37.1-39.1
Sports Inspires Life,Intelsat 20,3930 H,Landmass,25000,2/3,37.1-39.1
Band Rio Interior,Star One C3,4073 H,South America,3750,3/4,0
TV Aparecida,Star One D2,3982 V,Brazil & South America,4573,3/4,null
TV Aparecida,Star One C3,3954 V,South America,6666,3/4,0
TrendSports,Astra 1L,11186 V,Europe Ku,22000,2/3,0
KITE VICTERS,G-Sat 18,11667 V,null,2000,null,null
MySat,Horizons 3e,11003 H,null,28800,2/3,null
MySat,AsiaSat 9,12415 V,Australasia,40000,7/8,0
Nepal TV,AsiaSat 7,3750 V,C,12500,3/5,36-40
Al Rayyan,Es'hail 2,10730 V,MENA,27500,2/3,50
I Radio,Intelsat 901,11591 V,Spot 2,250,8/9,null
Doordarshan,G-Sat 17,3925 H,C,27500,3/4,null
Doordarshan,G-Sat 10,3885 V,C,30000,3/4,null
Doordarshan,G-Sat 18,3777 H,India,4400,5/6,null
Doordarshan,G-Sat 18,3782 H,India,2000,3/4,null
TV Brasil Central,Star One D2,4136 H,Brazil & South America,3750,3/4,null
Saba World,Eutelsat 7 West A,11334 H,MENA,27500,5/6,49
Saba World,Galaxy 19,11966 H,Ku,21600,5/6,0
Record Goiás,Eutelsat 65 West A,4589 H,C,4780,3/4,0
Unitel,NSS 10,3868 V,North America,6666,3/4,0
TAS,ST 2,3672 H,Regional,10000,3/4,40-42
TAS,Apstar 7,12561 V,China,12400,3/4,0
Rede CNT Satélite,Star One D2,4124 H,Brazil & South America,5000,5/6,null
Showtime HD East Plex 2,Galaxy 30,4180 V,North America,30000,5/6,0
TV Integração,Eutelsat 65 West A,4721 H,C,10000,3/4,0
Canal 2 International,Eutelsat 16A,21576 H,Europe C,3675,3/4,null
Sony Pictures Networks India,Bangabandhu 1,4690 V,Beam 5,15000,2/3,null
Sony Pictures Networks India,Bangabandhu 1,4780 V,Beam 5,30000,2/3,null
Sony Pictures Networks India,AsiaSat 7,4180 V,C,30000,3/4,36-40
Sony Pictures Networks India,Intelsat 20,3900 H,Landmass,22222,5/6,37.1-39.1
People's TV,Telstar 18 Vantage,3930 V,Asia & Australia & Pacific,3500,5/6,0
ION Media Networks,SES 18,4040 H,null,30000,2/3,null
ION Media Networks,SES 22,4180 H,North America,30000,5/6,0
RRT,Astra 3C,12285 V,East,30000,2/3,null
RRT,Astra 4A,12073 H,Europe BSS,30000,2/3,0-47
T5 Satelital,Arsat 1,11900 V,Argentina,3900,5/6,0
Canal Capital,SES 6,3962 L,Hemi,5715,3/4,0
Sun TV Network,Intelsat 17,3885 V,Landmass,30000,3/4,38.2
Sun TV Network,Intelsat 17,3925 V,Landmass,30000,3/4,38.2
Aljazeera,Es'hail 1,11046 H,MENA Ku,27500,2/3,51
Aljazeera,Es'hail 1,11604 H,MENA Ku,27500,3/4,51
Aljazeera,Eutelsat 8 West B,10971 V,MENA,27500,3/4,51-52
Aljazeera,Eutelsat 8 West B,12521 H,MENA,27500,2/3,51-52
Gulfcom,SES 18,3940 V,null,28000,3/4,null
DMC,Nilesat 201,12092 V,Middle East,27500,5/6,48
Antenna Hungária,Amos 3,11304 H,Ukraine,8889,3/4,0
Xizang TV,ChinaSat 6D,3989 H,C,9070,3/4,0
Sardegna Locale 1,Eutelsat 5 West B,12585 H,Transalpine,35500,2/3,0
RTRS Penza,Express AM7,3728 L,C Fixed,5130,3/4,0
Record Rio Preto,Eutelsat 65 West A,4521 H,C,3730,3/4,0
Rede Gospel,Star One D2,3840 H,Brazil & South America,5000,null,null
RMS Radio,Intelsat 39,3871 L,West hemi,2150,5/6,39.7-41.7
TV Tropical,SES 4,4068 L,West hemi,4995,3/4,0
Saudi Broadcasting Authority,Al Yah 1,11747 H,East,27500,5/6,49-50
Saudi Broadcasting Authority,Arabsat 5A,10924 H,East MENA,17000,3/4,null
Saudi Broadcasting Authority,Arabsat 5A,12700 H,East MENA,2000,1/2,null
Saudi Broadcasting Authority,Badr 7,11230 H,MENA,27500,3/4,null
Saudi Broadcasting Authority,Badr 8,12149 H,EMENA BSS,27500,5/6,null
Saudi Broadcasting Authority,Hotbird 13F,12558 V,Wide,27500,5/6,44-46
Saudi Broadcasting Authority,Nilesat 201,12149 H,Middle East,27500,3/4,48
Saudi Broadcasting Authority,Nilesat 201,12284 V,Middle East,27500,5/6,48
Express,Paksat 1R,3838 V,C,4800,3/4,37-39
Record Cabrália,Eutelsat 65 West A,4511 H,C,3750,3/4,0
Record Cabrália,Eutelsat 65 West A,4765 H,C,3750,3/4,0
Rotana,Es'hail 2,11350 H,MENA,27500,3/4,50
Rotana,Nilesat 201,12226 H,Middle East,27500,5/6,48
RTRS Kuzbass,Yamal 401,4044 R,Russia C,5130,3/4,0
Voice of Strait,ChinaSat 12,4035 H,C,1073,3/4,null
Herring Networks,Galaxy 37/Horizons 4,4052 H,North America C,17500,5/6,0
Telecaribe,SES 6,4183 L,Hemi,5000,3/4,0
Ideal TV,SES 6,4161 L,Hemi,7500,2/3,0
Sky México,Intelsat 21,11720 H,Mexico,30000,3/5,null
Sky México,Intelsat 21,11740 V,Mexico,30000,3/5,null
Sky México,Intelsat 21,11840 H,Mexico,30000,5/6,null
Sky México,Intelsat 21,11860 V,Mexico,30000,3/5,null
Sky México,Intelsat 21,11960 H,Mexico,30000,null,null
Sky México,Intelsat 21,11980 V,Mexico,30000,null,null
Sky México,Intelsat 21,12000 H,Mexico,30000,2/3,null
Sky México,Intelsat 21,12020 V,Mexico,30000,null,null
Sky México,Intelsat 21,12040 H,Mexico,30000,null,null
Sky México,Intelsat 21,12060 V,Mexico,30000,null,null
Sky México,Intelsat 21,12080 H,Mexico,30000,null,null
Sky México,Intelsat 21,12100 V,Mexico,30000,null,null
Sky México,Intelsat 21,12120 H,Mexico,30000,null,null
Sky México,Intelsat 21,12140 V,Mexico,30000,null,null
Sky México,Intelsat 21,12160 H,Mexico,30000,null,null
Sky México,Intelsat 21,12180 V,Mexico,30000,null,null
Sky México,Sky Mexico 1,11720 H,Mexico,30000,null,null
Sky México,Sky Mexico 1,11740 V,Mexico,30000,null,null
Sky México,Sky Mexico 1,11760 H,Mexico,30000,null,null
Sky México,Sky Mexico 1,11800 H,Mexico,30000,null,null
Sky México,Sky Mexico 1,11820 V,Mexico,30000,null,null
Sky México,Sky Mexico 1,11840 H,Mexico,30000,null,null
Sky México,Sky Mexico 1,11900 V,Mexico,30000,null,null
Sky México,Sky Mexico 1,11920 H,Mexico,30000,null,null
Sky México,Sky Mexico 1,11940 V,Mexico,30000,null,null
Sky México,Sky Mexico 1,11960 H,Mexico,30000,null,null
Sky México,Sky Mexico 1,11980 V,Mexico,30000,null,null
Sky México,Sky Mexico 1,12000 H,Mexico,30000,null,null
Sky México,Sky Mexico 1,12020 V,Mexico,30000,null,null
Sky México,Sky Mexico 1,12040 H,Mexico,30000,null,null
Sky México,Sky Mexico 1,12060 V,Mexico,30000,null,null
Sky México,Sky Mexico 1,12080 H,Mexico,30000,null,null
Sky México,Sky Mexico 1,12120 H,Mexico,30000,null,null
Sky México,Sky Mexico 1,12140 V,Mexico,30000,null,null
Sky México,Sky Mexico 1,12160 H,Mexico,30000,null,null
Sky México,Sky Mexico 1,12180 V,Mexico,30000,null,null
M-Three satcom,Eutelsat 70B,12682 V,Wide,16046,1/2,48
M-Three satcom,Hotbird 13F,11642 H,Wide,27500,3/4,44-46
M-Three satcom,Hotbird 13G,12149 V,Wide,27500,3/4,44-46
Panbetting,Belintersat 1,11010 H,Africa Ku,28775,3/4,null
Panbetting,Amos 17,12297 V,West & Central Africa,30000,2/3,0
NEP Connect,Astra 4A,11727 H,Europe BSS,27500,3/4,0-47
NEP Connect,Astra 4A,12418 H,Europe BSS,27500,3/4,0-47
Big Brother Brasil,Star One C3,4091 V,South America,17000,null,0
Freeview,Optus D2,12456 H,NZB,22500,3/4,null
Freeview,Optus D2,12483 H,NZB,22500,3/4,null
Alouette,Eutelsat 5 West B,11465.2 H,Transalpine,667,3/5,0
SICOM TV,Eutelsat 117 West A,3825 V,Hemi C,4416,5/6,null
ASBU Bouquet,Arabsat 5C,3934 L,EMEA,27500,7/8,null
ASBU Bouquet,Hispasat 30W-6,12132 H,America,27500,3/4,0
Rede 21,Star One C3,3854 H,South America,7500,3/4,0
TV TEM Bauru,Eutelsat 65 West A,4688 V,C,7072,3/4,0
Paramount Domestic Media Networks HD Plex 4,SES 1,4060 H,North America C,30000,5/6,0
Voice of America,Eutelsat 70B,11069 H,Central Asia,7325,3/5,44-46
Voice of America,SES 5,4014 R,Hemi,1820,2/3,39
Voice of America,Telstar 12 Vantage,11026 H,Pan America,12500,1/2,0
Rede Mais,Intelsat 14,3865 H,Americas C,3910,3/4,0
Bangladesh TV,Bangabandhu 1,4660 V,Beam 5,17500,4/5,null
Bangladesh TV,Bangabandhu 1,11725 V,Beam 1,17500,3/4,null
Igreja Cristã Maranata,Intelsat 34,4105 V,Americas & Europe,4000,3/5,0
Dogus Yayin Grubu,Türksat 4A,12015 H,Turkey,27500,5/6,46-50
SBS SA,Optus D2,12532 H,NB,47300,5/6,null
Nixsat,NigComSat 1R,12555 H,Ecowas 2,8200,3/4,null
Enlace,Intelsat 21,4144 H,West hemi,3750,3/4,0
Speedcast,Star One D2,11740 H,Brazil,29900,2/3,0
Speedcast,Star One D2,11780 H,Brazil,29900,2/3,0
Speedcast,Star One D2,11820 H,Brazil,29900,2/3,0
Shanghai Media Group,ChinaSat 6D,3794 H,C,20000,3/4,0
Shanghai Media Group,ChinaSat 6D,3940 V,C,29500,3/4,0
Shanghai Media Group,ChinaSat 6E,3808 H,null,8800,3/4,null
Shanghai Media Group,AsiaSat 7,3715 H,C,8167,3/4,36-40
Edusat,Eutelsat 117 West A,3720 V,Hemi C,27000,3/4,null
Dunya Media Group,Paksat 1R,3718 V,C,12000,3/5,37-39
TV Nazaré,SES 6,3898 L,Hemi,3920,3/4,0
Sanskar TV,Intelsat 20,4064 V,Landmass,4400,3/4,37.1-39.1
TRT Erzurum,Türksat 3A,11130.0 V,West,400,5/6,46-50
DalSat Global,Arabsat 5C,3857 L,EMEA,4270,3/4,null
Eutelsat MENA,Eutelsat 7 West A,10873 V,MENA,27500,7/8,49
Eutelsat MENA,Eutelsat 7 West A,10892 H,MENA,27500,7/8,49
Eutelsat MENA,Eutelsat 7 West A,11258 H,MENA,27500,5/6,49
Eutelsat MENA,Eutelsat 7 West A,11315 V,MENA,27500,5/6,49
Eutelsat MENA,Eutelsat 7 West A,11373 H,MENA,27500,5/6,49
Eutelsat MENA,Eutelsat 7 West A,11392 V,MENA,27500,7/8,49
Eutelsat MENA,Eutelsat 7 West A,11430 V,MENA,27500,7/8,49
Eutelsat MENA,Eutelsat 7 West A,11488 H,MENA,27500,7/8,49
Eutelsat MENA,Eutelsat 7 West A,11603 H,MENA,27500,5/6,49
Eutelsat MENA,Eutelsat 8 West B,12521 V,East,27500,7/8,52
Eutelsat MENA,Eutelsat 8 West B,12563 V,East,27500,7/8,52
Eutelsat MENA,Eutelsat 8 West B,12604 V,East,27500,7/8,52
Channel 8,Eutelsat 3B,12723 H,Europe,5000,3/4,47-48
Transamérica,Star One C2,4142 H,South America,1000,null,null
TDA,Eutelsat 7 West A,10922 V,MENA,27500,7/8,49
TDA,Eutelsat 7 West A,11680 H,MENA,27500,2/3,49
TDA,SES 4,12674 H,Europe & Middle East,20740,3/4,48-50
TDA,Alcomsat 1,12160 H,null,30000,2/3,null
TDA,Alcomsat 1,12232 H,null,15910,3/4,null
TDA,Alcomsat 1,12250 H,null,12510,3/4,null
ERTU,Nilesat 201,11747 V,Middle East,27500,5/6,48
ERTU,Nilesat 201,11843 H,Middle East,27500,5/6,48
Sertel,Intelsat 14,3761 V,Americas C,8332,3/4,0
RTRS Novosibirsk,Yamal 401,3818 R,Russia C,5120,3/4,0
Svoboda Satellite Bouquet,Hotbird 13G,10949 V,Wide,27500,2/3,44-46
DLTV,Thaicom 6,12645 V,SE Asia Ku,30000,2/3,null
TDM,Badr 8,12563 V,EMENA FSS,27500,2/3,48
StarTimes TV Uganda,Eutelsat 3B,3914 R,Global,13725,3/4,38-39
StarTimes TV Uganda,Eutelsat 3B,3934 R,Global,19630,3/4,38-39
TV Cidade Fortaleza,SES 4,4015 L,West hemi,5983,3/5,0
RTRS Volgograd,Express AM7,3972 L,C Fixed,5130,3/4,0
Dubai Media,Badr 8,12130 V,EMENA BSS,30000,3/4,null
Dubai Media,Eutelsat 7 West A,12418 H,MENA,30000,3/4,49
Dubai Media,Eutelsat 8 West B,11096 V,MENA,27500,3/4,51-52
RTVC,SES 6,4012 L,Hemi,9830,3/4,0
RTVC,SES 6,4025 L,Hemi,12832,3/4,0
SIC TV,Star One C3,3876 V,South America,2500,3/4,0
NHL Network,Galaxy 32,4051 V,North America,13333,7/8,null
PTV Network,Paksat 1R,4001 V,C,13333,3/4,37-39
PTV Network,Paksat 1R,4052 V,C,5800,3/5,37-39
Canal del Congreso 45.1,Eutelsat 115 West B,4141 V,Hemi,6666,3/4,0
Thema America,Eutelsat 117 West A,4114 V,Hemi C,19665,5/6,null
RTRS Cherkessk,Express AM7,3865 L,C Fixed,5130,3/4,0
PSN,Nusantara Satu,4013 H,C,4090,1/2,0
HTVC,Vinasat 2,11088 V,Ku,28800,3/4,null
STAR TV,AsiaSat 7,3920 H,C,29720,3/4,36-40
STAR TV,AsiaSat 7,3940 V,C,28100,3/4,36-40
STAR TV,AsiaSat 7,3980 V,C,28100,3/4,36-40
STAR TV,AsiaSat 7,4000 H,C,28100,3/4,36-40
STAR TV,AsiaSat 7,4020 V,C,28100,3/4,36-40
STAR TV,AsiaSat 7,4040 H,C,29720,3/4,36-40
STAR TV,AsiaSat 5,4020 V,C,28100,3/4,38-40
STAR TV,Apstar 7,4080 H,C,30000,3/4,38.5
Xinjiang TV,ChinaSat 6D,4120 H,C,27500,3/4,0
Ciner,Türksat 3A,11053 H,West,8000,3/4,46-50
Ciner,Türksat 4A,12209 H,East,10000,3/4,50-53
ESPN,Telstar 12 Vantage,12609 H,Europe & Middle East,7552,3/4,null
ESPN,Intelsat 34,4015 H,Americas & Europe,30000,5/6,0
ESPN,Intelsat 21,3790 V,West hemi,13463,5/6,0
ESPN,Intelsat 21,3809 V,West hemi,16760,5/6,0
ESPN,Intelsat 21,3910 V,West hemi,15000,5/6,0
ESPN,Galaxy 18,4160 V,C,34286,25/36,0
ESPN,Galaxy 18,4180 H,C,34286,25/36,0
Mh One TV Network,G-Sat 30,4030 H,C,4440,3/4,null
TV Assembléia Piauí,Star One D1,4045 V,Brazil C,5000,3/4,0
GEM Group,Al Yah 1,11881 V,East,27500,5/6,49-50
GEM Group,Al Yah 1,12034 V,East,27500,3/4,49-50
Planetcast,Measat 3a,4080 H,Global,30000,3/5,null
Planetcast,G-Sat 30,3805 H,C,28500,5/6,null
Planetcast,G-Sat 30,3898 H,C,6800,3/4,null
Planetcast,G-Sat 30,3925 H,C,28500,5/6,null
Planetcast,G-Sat 30,3958 H,C,9500,5/6,null
Planetcast,Intelsat 20,4184 V,Landmass,21600,8/9,37.1-39.1
Planetcast,Intelsat 17,4006 H,Landmass,14400,3/4,38.2
Planetcast,Intelsat 17,4024 H,Landmass,14400,2/3,38.2
RCS,Badr 7,10970 V,NW Africa,27500,2/3,0
RCS,Badr 7,11010 V,NW Africa,27500,2/3,0
M7 Group,Astra 3B,11739 V,Europe Wide,29900,2/3,43-45
M7 Group,Astra 3B,11856 V,Europe Wide,29900,2/3,43-45
M7 Group,Astra 3B,11973 V,Europe Wide,29900,2/3,43-45
M7 Group,Astra 3C,12051 V,West,29900,2/3,null
M7 Group,Astra 3B,12090 V,Europe Wide,29900,2/3,43-45
M7 Group,Astra 3B,12129 V,Europe Wide,29900,2/3,43-45
M7 Group,Astra 1L,12515 H,Europe Ku,22000,5/6,0
Inter Media Grup,Astra 4A,12437 V,Europe BSS,30000,2/3,0-47
TV A Crítica,Star One C3,3723 H,South America,3750,3/4,0
Castor Networks,Eutelsat 16A,11053.4 H,Europe A,365,3/4,47-48
GMN,Telkom 4,4145 H,SE Asia,4600,5/6,null
TV Cuatro,Eutelsat 117 West A,3899 H,Hemi C,7500,5/6,null
TRT GAP Diyarbakir,Türksat 3A,11131.5 V,West,400,5/6,46-50
Dream TV Satellite,ABS 3A,11132 H,Americas,30000,3/4,null
Dream TV Satellite,ABS 3A,11168 H,Americas,30000,3/4,null
RTRS Bryansk,Express AM6,10909 V,Ku Fixed 1,28724,3/4,45-47
RTRS Bryansk,Express AM7,3872 L,C Fixed,5120,3/4,0
RTRS Nazran,Express AM7,3822 L,C Fixed,5130,3/4,0
KTN Network,Paksat 1R,4135 V,C,2400,5/6,37-39
Rede Massa,Star One D1,3966 H,Brazil C,14235,3/4,0
Vicus Luxlink,Rascom QAF 1R,3987 R,Standard,3750,3/4,40.5-42
Vicus Luxlink,Rascom QAF 1R,11218 V,South,26000,5/6,0
Great Wall,Telstar 18 Vantage,12721 V,China,43200,2/3,0
Satview Network,Türksat 4A,12659 V,Africa,22500,2/3,null
Satview Network,Türksat 4A,18739 L,Europe,22500,2/3,null
EPTV Campinas e região,Star One D2,3933 V,Brazil & South America,7500,2/3,null
RTRS Belgorod,Express AM6,10909 V,Ku Fixed 1,28724,3/4,45-47
RTRS Belgorod,Express AM7,3878 L,C Fixed,5130,3/4,0
RL Valle d'Aosta,Eutelsat 9B,12466 V,Italy,41950,2/3,0
NER Taipei,ST 2,3690 H,Regional,1000,3/4,40-42
CEN TV,Apstar 6C,12395 V,China,27500,3/4,0
Kantipur Media Group,Apstar 7,3634 H,C,6000,3/5,38.5
DD Himachal Pradesh,G-Sat 17,4072 H,C,6250,3/4,null
Grupa RMF,Astra 3B,11651 H,Europe Ku,3780,4/5,0
Telenor,Thor 7,12322 H,Ku,30000,3/4,0
Telenor,Thor 5,12418 V,T2,28000,7/8,44
Twofour54,Al Yah 1,11785 H,East,27500,3/4,49-50
Twofour54,Al Yah 1,11938 H,East,27500,3/4,49-50
Twofour54,Badr 8,11977 V,EMENA BSS,27500,3/4,null
RTRS Vologda,Express AM7,3828 L,C Fixed,5120,3/4,0
France TV,Intelsat 18,11155 H,South Pacific H,30000,5/6,null
France TV,Eutelsat 16A,11554 H,South East Africa,30000,5/6,0
France TV,Intelsat 35e,11595 H,Caribbean,30000,3/4,null
StarTimes TV Tanzania,Eutelsat 3B,3900 R,Global,6370,3/4,38-39
Inter TV,Star One C3,4134 V,South America,12500,5/6,0
RTRS Tomsk,Yamal 401,3681 R,Russia C,5130,3/4,0
Kuwait TV,Badr 8,12523 H,EMENA FSS,27500,2/3,48
Kuwait TV,Eutelsat 8 West B,11054 V,MENA,27500,2/3,51-52
RSCC,Express AMU3,3925 R,Global,35390,3/5,null
RSCC,Express 103,3595 R,C Fixed,38700,8/9,39.7-41.7
RSCC,Express 103,3875 R,Global,11121,1/2,null
RSCC,ABS 2A,10985 H,Russia,35007,3/4,0
RSCC,ABS 2A,12527 H,Russia,35000,3/4,0
RSCC,ABS 2A,12653 V,Russia,35007,2/3,0
RSCC,Express AT1,12284 R,Wide,27500,3/4,0
RSCC,Express AM6,10713 V,Ku Fixed 1,14180,3/4,45-47
RSCC,Express AM6,10730 V,Ku Fixed 1,14180,3/4,45-47
RSCC,Express AM6,10749 V,Ku Fixed 1,16410,2/3,45-47
RSCC,Express AM6,10865 V,Ku Fixed 1,1808,3/4,45-47
RSCC,Express AM6,11481 H,Ku Fixed 2,27500,3/4,48-49
RSCC,Express AM8,3629 R,Global,10900,1/2,null
RSCC,Express AM8,3675 R,Global,35393,3/5,null
DD Rajasthan,G-Sat 17,4080 H,C,6250,3/4,null
RTRS Kirov,Express AM7,3892 L,C Fixed,5130,3/4,0
DD Punjabi,G-Sat 17,3960 H,C,6250,3/4,null
Zee Zest,Intelsat 20,4012 V,Landmass,7200,3/4,37.1-39.1
ZDF Vision,Astra 1KR,11347 V,Europe,22000,2/3,0
ZDF Vision,Astra 1KR,11362 H,Europe,22000,2/3,0
ZDF Vision,Astra 1N,11954 H,Pan Europe,27500,3/4,0
Band RS,Star One C3,4125 V,South America,3750,3/4,0
Artear,Intelsat 34,3885 H,Americas & Europe,30000,5/6,0
Artear,Intelsat 34,4086 H,Americas & Europe,15000,3/4,0
RTRS Karelija,Express AM7,3628 L,C Fixed,5120,3/4,0
Paramount Domestic Media Networks HD Plex,SES 1,4120 V,North America C,30000,5/6,0
China National Radio,ChinaSat 6E,4175 V,null,18000,1/2,null
RTRS Arkhangelsk,Express AM7,3735 L,C Fixed,5120,3/4,0
EXRN Radio Network,Intelsat 19,12590 H,NW Pacific,2893,3/4,null
EXRN Radio Network,Telstar 12 Vantage,11506 V,Europe & Middle East,2894,3/4,null
EXRN Radio Network,Galaxy 18,11916 H,Ku,2894,3/4,0
CCTV,ChinaSat 9B,12020 R,null,28800,3/4,null
Teleantioquia,SES 6,4104 L,Hemi,5453,3/4,0
RTRS Krasnoyarsk,Yamal 401,3675 R,Russia C,5120,3/4,0
VA+,EchoStar 105/SES 11,3991 V,North America C,5833,3/4,null
Solar Entertainment,Telstar 18 Vantage,3835 H,Asia & Australia & Pacific,2500,3/4,0
Solar Entertainment,Telstar 18 Vantage,3867 H,Asia & Australia & Pacific,3750,3/4,0
ABC NSW,Optus D2,12470 H,NB,47300,4/5,null
ABC NSW,Optus D2,12658 H,NB,47300,4/5,null
China Radio International,Intelsat 19,3956 V,West hemi,3555,3/4,0
China Radio International,Intelsat 20,4083 V,Landmass,3550,3/4,37.1-39.1
China Radio International,Intelsat 14,11605 H,US & Europe & Africa,990,2/3,49.5-51.5
Telemedia,Yamal 402,10984 V,Southern,9100,5/6,null
IRTP,Intelsat 14,4102 H,Americas C,9115,3/4,0
Vanitha TV,G-Sat 30,3892 H,C,3300,3/4,null
RTRS Vladimir,Express AM7,3842 L,C Fixed,5120,3/4,0
RL Piemonte 1,Eutelsat 9B,12303 V,Italy,31400,2/3,0
ARY Digital Network,AsiaSat 7,4060 V,C,26666,3/4,36-40
Jewelry TV,SES 1,4140 H,North America C,29268,3/4,0
TM Global Communications,Eutelsat 117 West A,3865 H,Hemi C,2500,5/6,null
VU TV Network,Paksat 1R,3754 V,C,7500,3/4,37-39
United Teleports,SES 6,4177 L,Hemi,5416,5/6,0
United Teleports,Eutelsat 117 West A,4049 V,Hemi C,13917,5/6,null
Silverbird TV,Azerspace 1,4140 V,Africa & Europe,2328,3/4,null
ORTM,Intelsat 37e,4095 L,Africa & Europe,7325,3/4,38.1
ORTM,Intelsat 37e,4129 L,Global,2060,3/4,null
Latina,Intelsat 14,4088 H,Americas C,5000,3/4,0
Paramount Domestic Media Networks HD Plex 1,EchoStar 105/SES 11,4100 H,North America C,30000,5/6,null
RTRS 1,Express AMU7,3662 R,Fixed C,15285,3/4,null
RTRS 1,Express AMU7,3714 R,Fixed C,15285,3/4,null
RTRS 1,Express AMU3,3688 R,Fixed C,15284,3/4,null
RTRS 1,Express AMU3,3785 R,Fixed C,15284,3/4,null
RTRS 1,Yamal 401,3640 R,Russia C,15285,3/4,0
RTRS 1,Yamal 401,3705 L,Russia C,15285,3/4,0
RTRS 1,Yamal 401,3786 R,Russia C,15284,3/4,0
RTRS 1,Yamal 401,4064 R,Russia C,15282,3/4,0
RTRS 1,Express AM6,10718 H,Ku Fixed 1,22900,3/4,45-47
RTRS 1,Express AM6,10840 V,Ku Fixed 1,15284,3/4,45-47
RTRS 1,Express AM6,10937 V,Ku Fixed 1,15284,3/4,45-47
RTRS 1,Yamal 601,3627 L,C,20580,5/6,44-45
RTRS 1,Yamal 601,3643 R,C,15284,3/4,44-45
RTRS 1,Yamal 601,3704 L,C,15284,3/4,44-45
RTRS 1,Yamal 601,3977 L,C,15284,3/4,44-45
RTRS 1,Cosmos 2520,3720 L,null,25760,2/3,null
RTRS 1,Express AM7,3665 L,C Fixed,15284,3/4,0
RTRS 1,Express AM7,4085 L,C Fixed,15284,3/4,0
Vivacom MCPC,Eutelsat 36B,11345 H,Eurasia,30000,3/4,46-47
Vivacom MCPC,Eutelsat 8 West B,3925 R,C,30000,5/6,40
Telecafé,SES 6,4098 L,Hemi,5453,3/4,0
EClutch,Eutelsat 16A,10721 H,Europe B,30000,3/5,44-46
Hum Network,Paksat 1R,4160 V,C,16100,3/4,37-39
ORTAS,Arabsat 5A,12672 H,East MENA,5820,5/6,null
ORTAS,Express AM8,11689 H,Ku Fixed 1,12110,3/4,47-49.5
LaoSat,LaoSat 1,3651 V,C,12000,2/3,0
SpeedCast,Telstar 18 Vantage,3946 V,Asia & Australia & Pacific,17600,3/4,0
BBS,G-Sat 9,11232 V,null,4444,5/6,null
BBS,G-Sat 30,4097 H,C,1085,3/4,null
Grupo Telemicro,Eutelsat 117 West A,4031 V,Hemi C,15200,5/6,null
E-Vidya,G-Sat 15,10970 V,India,29500,3/4,null
E-Vidya,G-Sat 15,11010 V,India,29500,3/4,null
E-Vidya,G-Sat 15,11130 V,India,29500,3/4,null
E-Vidya,G-Sat 15,11590 V,India,29500,3/4,null
E-Vidya,G-Sat 15,11670 V,India,29500,3/4,null
TV Anhanguera Goiânia,Star One D2,3887 V,Brazil & South America,7500,2/3,null
Az TV de Paga,Eutelsat 117 West A,3948 H,Hemi C,15145,3/5,null
Sersat,SES 14,3834 R,Europe & America,15000,2/3,36-38
